speaker,utterance,思考系_役割,思考系_スコア,対人関係系_役割,対人関係系_スコア,行動系_役割,行動系_スコア
H3M,"Utterance(participant='H3M', tokens=[Token(word='何', pos=None, mor=None, gra=None), Token(word=',', pos=None, mor=None, gra=None), Token(word='これは', pos=None, mor=None, gra=None), Token(word='?', pos=None, mor=None, gra=None)], time_marks=(14000, 17481), tiers={'H3M': '何, これは ? \x1514000_17481\x15', '%ort': 'nani „ kore wa ?'})",スペシャリスト,0.5549152493476868,不明,0.5337182283401489,不明,0.46378639340400696
L3F,"Utterance(participant='L3F', tokens=[Token(word='.', pos=None, mor=None, gra=None)], time_marks=(17480, 19351), tiers={'L3F': '&=laugh . \x1517480_19351\x15', '%ort': '&=laugh .'})",不明,0.5094814300537109,不明,0.45537710189819336,不明,0.4282216429710388
H3M,"Utterance(participant='H3M', tokens=[Token(word='さ始まりました', pos=None, mor=None, gra=None), Token(word=',', pos=None, mor=None, gra=None), Token(word='異性に求める条件', pos=None, mor=None, gra=None), Token(word='.', pos=None, mor=None, gra=None)], time_marks=(19350, 22315), tiers={'H3M': 'さ始まりました, 異性に求める条件 . \x1519350_22315\x15', '%ort': 'saa hajimarimashita „ isee ni motomeru jooken .'})",スペシャリスト,0.5785006880760193,リソース探究者,0.556554913520813,不明,0.5390414595603943
L3F,"Utterance(participant='L3F', tokens=[Token(word='司会者', pos=None, mor=None, gra=None), Token(word='.', pos=None, mor=None, gra=None)], time_marks=(22313, 25350), tiers={'L3F': '&=laugh 司会者 . \x1522313_25350\x15', '%ort': '&=laugh shikaisha .'})",不明,0.49914711713790894,不明,0.48938247561454773,不明,0.4003962278366089
K3F,"Utterance(participant='K3F', tokens=[Token(word='どうぞ', pos=None, mor=None, gra=None), Token(word='司会者', pos=None, mor=None, gra=None), Token(word='.', pos=None, mor=None, gra=None)], time_marks=(25350, 27621), tiers={'K3F': 'どうぞ@g 司会者 . \x1525350_27621\x15', '%ort': 'doozo shikaisha .'})",不明,0.5401583909988403,不明,0.5156855583190918,不明,0.44098973274230957
H3M,"Utterance(participant='H3M', tokens=[Token(word='isee', pos=None, mor=None, gra=None), Token(word='ni', pos=None, mor=None, gra=None), Token(word='motomeru', pos=None, mor=None, gra=None), Token(word='jooken', pos=None, mor=None, gra=None), Token(word='nani', pos=None, mor=None, gra=None), Token(word='?', pos=None, mor=None, gra=None)], time_marks=(27621, 31302), tiers={'H3M': 'isee ni motomeru jooken nani ? \x1527621_31302\x15', '%ort': '異性に求める条件何 ?'})",スペシャリスト,0.564879298210144,不明,0.5488088130950928,不明,0.491891086101532
H3M,"Utterance(participant='H3M', tokens=[Token(word='eq', pos=None, mor=None, gra=None), Token(word='?', pos=None, mor=None, gra=None)], time_marks=None, tiers={'H3M': 'eq ?', '%ort': 'えっ ?'})",スペシャリスト,0.572455883026123,不明,0.5261882543563843,不明,0.4479646682739258
G3M,"Utterance(participant='G3M', tokens=[Token(word='えっ', pos=None, mor=None, gra=None), Token(word='どうぞ', pos=None, mor=None, gra=None), Token(word='.', pos=None, mor=None, gra=None)], time_marks=(31301, 32923), tiers={'G3M': 'えっ どうぞ@g . \x1531301_32923\x15', '%ort': 'eq doozo .'})",不明,0.5268123745918274,不明,0.5201739072799683,不明,0.4550797939300537
H3M,"Utterance(participant='H3M', tokens=[Token(word='はい', pos=None, mor=None, gra=None), Token(word='.', pos=None, mor=None, gra=None)], time_marks=(31301, 32923), tiers={'H3M': '<はいはい> [/] はい . \x1531301_32923\x15', '%ort': 'hai [/] hai [/] hai .'})",スペシャリスト,0.563462495803833,不明,0.5194850564002991,不明,0.45129483938217163
G3M,"Utterance(participant='G3M', tokens=[Token(word='さっき僕らは語ったからね', pos=None, mor=None, gra=None), Token(word='.', pos=None, mor=None, gra=None)], time_marks=None, tiers={'G3M': 'さっき僕らは語ったからね .', '%ort': 'sakki bokura katatta kara ne .'})",不明,0.5398217439651489,不明,0.48860785365104675,不明,0.4299185574054718
G3M,"Utterance(participant='G3M', tokens=[Token(word='散々語ったからね', pos=None, mor=None, gra=None), Token(word='.', pos=None, mor=None, gra=None)], time_marks=None, tiers={'G3M': '散々語ったからね .', '%ort': 'sanzan katatta kara ne .'})",スペシャリスト,0.5554774403572083,不明,0.4915606379508972,不明,0.44004613161087036
H3M,"Utterance(participant='H3M', tokens=[Token(word='散々', pos=None, mor=None, gra=None), Token(word='.', pos=None, mor=None, gra=None)], time_marks=(32789, 36368), tiers={'H3M': '散々 . \x1532789_36368\x15', '%ort': 'sanzan .'})",不明,0.5085087418556213,不明,0.4883131682872772,不明,0.40021538734436035
L3F,"Utterance(participant='L3F', tokens=[Token(word='じゃ先に教えて', pos=None, mor=None, gra=None), Token(word='!', pos=None, mor=None, gra=None)], time_marks=(36367, 37791), tiers={'L3F': 'じゃ先に教えて ! \x1536367_37791\x15', '%ort': 'ja: saki ni oshiete !'})",不明,0.533150851726532,不明,0.4933384954929352,不明,0.5331326723098755
G3M,"Utterance(participant='G3M', tokens=[Token(word='何って言ってた', pos=None, mor=None, gra=None), Token(word='?', pos=None, mor=None, gra=None)], time_marks=(37791, 38953), tiers={'G3M': '何って言ってた ? \x1537791_38953\x15', '%ort': 'nan tte yuttotta [: itteta] ?'})",不明,0.5105862617492676,不明,0.5240437388420105,不明,0.48505038022994995
H3M,"Utterance(participant='H3M', tokens=[Token(word='優しさ', pos=None, mor=None, gra=None), Token(word='.', pos=None, mor=None, gra=None)], time_marks=(38953, 42104), tiers={'H3M': '優しさ . \x1538953_42104\x15', '%ort': 'yasashisa .'})",スペシャリスト,0.5557050704956055,不明,0.4724973738193512,不明,0.38877037167549133
G3M,"Utterance(participant='G3M', tokens=[Token(word='あっ', pos=None, mor=None, gra=None), Token(word='そうだ', pos=None, mor=None, gra=None), Token(word='.', pos=None, mor=None, gra=None)], time_marks=(42104, 43532), tiers={'G3M': 'あっ <そうだ> [/] そうだ . \x1542104_43532\x15', '%ort': 'a: <soo da> [/] soo da .'})",不明,0.5027795433998108,不明,0.4782436490058899,不明,0.4276055693626404
H3M,"Utterance(participant='H3M', tokens=[Token(word='色気', pos=None, mor=None, gra=None), Token(word='.', pos=None, mor=None, gra=None)], time_marks=(43532, 44345), tiers={'H3M': '色気 . \x1543532_44345\x15', '%ort': 'iroke .'})",スペシャリスト,0.5570230484008789,不明,0.495095819234848,不明,0.45583638548851013
H3M,"Utterance(participant='H3M', tokens=[Token(word='もう一個後何だっけ', pos=None, mor=None, gra=None), Token(word='?', pos=None, mor=None, gra=None)], time_marks=(44345, 48802), tiers={'H3M': 'もう一個後何だっけ ? \x1544345_48802\x15', '%ort': 'moo ikko ato nan da kke ?'})",スペシャリスト,0.5611609220504761,不明,0.5357547998428345,不明,0.47574296593666077
H3M,"Utterance(participant='H3M', tokens=[Token(word='それだけしかなかったっけ', pos=None, mor=None, gra=None), Token(word='?', pos=None, mor=None, gra=None)], time_marks=(48801, 53945), tiers={'H3M': 'それだけしかなかったっけ ? \x1548801_53945\x15', '%ort': 'sonnake [: sore dake] shika nakatta kke ?'})",スペシャリスト,0.5576565265655518,不明,0.476917028427124,不明,0.3866312503814697
G3M,"Utterance(participant='G3M', tokens=[Token(word='いやあ', pos=None, mor=None, gra=None), Token(word='後何か家庭的とか何か色々あるじゃん', pos=None, mor=None, gra=None), Token(word='.', pos=None, mor=None, gra=None)], time_marks=None, tiers={'G3M': '<いやあいやあ> [/] いやあ@i 後何か家庭的とか何か色々あるじゃん .', '%ort': '<iyaa iyaa> [/] iyaa ato nanka kateeteki toka nanka iroiro aru jan .'})",不明,0.5313682556152344,不明,0.512183666229248,不明,0.46907439827919006
H3M,"Utterance(participant='H3M', tokens=[Token(word='家庭的とか言ってたね', pos=None, mor=None, gra=None), Token(word='.', pos=None, mor=None, gra=None)], time_marks=None, tiers={'H3M': '家庭的とか言ってたね .', '%ort': 'kateeteki toka yuttotta [: itteta] ne .'})",不明,0.5392307639122009,不明,0.5353990793228149,不明,0.4575467109680176
G3M,"Utterance(participant='G3M', tokens=[Token(word='うん', pos=None, mor=None, gra=None), Token(word='.', pos=None, mor=None, gra=None)], time_marks=(48801, 53945), tiers={'G3M': 'うん . \x1548801_53945\x15', '%ort': 'un .'})",不明,0.5245320796966553,不明,0.49525880813598633,不明,0.3980242609977722
G3M,"Utterance(participant='G3M', tokens=[Token(word='まあそんなとこはい', pos=None, mor=None, gra=None), Token(word='.', pos=None, mor=None, gra=None)], time_marks=(53944, 57185), tiers={'G3M': 'まあそんなとこはい . \x1553944_57185\x15', '%ort': 'maa sonna toko hai .'})",不明,0.5136998891830444,不明,0.484546422958374,不明,0.38753870129585266
K3F,"Utterance(participant='K3F', tokens=[Token(word='一杯あり過ぎて困るね', pos=None, mor=None, gra=None), Token(word='.', pos=None, mor=None, gra=None)], time_marks=(57184, 59478), tiers={'K3F': '一杯あり過ぎて困るね . \x1557184_59478\x15', '%ort': 'ippai arisugite komaru ne .'})",不明,0.5367669463157654,不明,0.49913614988327026,不明,0.4615831971168518
G3M,"Utterance(participant='G3M', tokens=[Token(word='全部言って良いよ', pos=None, mor=None, gra=None), Token(word='.', pos=None, mor=None, gra=None)], time_marks=(59477, 60720), tiers={'G3M': '全部言って良いよ . \x1559477_60720\x15', '%ort': 'zembu yutte ii yo .'})",不明,0.549531102180481,不明,0.5271391272544861,不明,0.4787970781326294
L3F,"Utterance(participant='L3F', tokens=[Token(word='.', pos=None, mor=None, gra=None)], time_marks=(60720, 63023), tiers={'L3F': '&=laugh . \x1560720_63023\x15', '%ort': '&=laugh .'})",不明,0.5307261943817139,不明,0.4729272723197937,不明,0.4171018898487091
K3F,"Utterance(participant='K3F', tokens=[Token(word='.', pos=None, mor=None, gra=None)], time_marks=(63023, 64187), tiers={'K3F': '&=laugh . \x1563023_64187\x15', '%ort': '&=laugh .'})",スペシャリスト,0.5576412677764893,不明,0.4692937135696411,不明,0.42421308159828186
G3M,"Utterance(participant='G3M', tokens=[Token(word='.', pos=None, mor=None, gra=None)], time_marks=(63023, 64187), tiers={'G3M': '&=laugh . \x1563023_64187\x15', '%ort': '&=laugh .'})",不明,0.5199135541915894,不明,0.4531286358833313,不明,0.3905802071094513
L3F,"Utterance(participant='L3F', tokens=[Token(word='面白くなきゃだね', pos=None, mor=None, gra=None), Token(word='.', pos=None, mor=None, gra=None)], time_marks=(64186, 68131), tiers={'L3F': '面白くなきゃだね . \x1564186_68131\x15', '%ort': 'omoshiroku nakya da ne .'})",不明,0.5103760957717896,不明,0.44368696212768555,不明,0.4025827646255493
K3F,"Utterance(participant='K3F', tokens=[Token(word='うん', pos=None, mor=None, gra=None), Token(word='.', pos=None, mor=None, gra=None)], time_marks=(64186, 68130), tiers={'K3F': 'うん . \x1564186_68130\x15', '%ort': 'un .'})",不明,0.5464972257614136,不明,0.49533936381340027,不明,0.4553544521331787
H3M,"Utterance(participant='H3M', tokens=[Token(word='ええ', pos=None, mor=None, gra=None), Token(word='.', pos=None, mor=None, gra=None)], time_marks=(68129, 69732), tiers={'H3M': 'ええ@i . \x1568129_69732\x15', '%ort': 'ee .'})",不明,0.5412949323654175,不明,0.49756699800491333,不明,0.41014808416366577
G3M,"Utterance(participant='G3M', tokens=[Token(word='残念だったね', pos=None, mor=None, gra=None), Token(word='.', pos=None, mor=None, gra=None)], time_marks=(69732, 72362), tiers={'G3M': '残念だったね . \x1569732_72362\x15', '%ort': 'zannen datta ne .'})",不明,0.5198644399642944,不明,0.48936089873313904,不明,0.43896234035491943
L3F,"Utterance(participant='L3F', tokens=[Token(word='うん', pos=None, mor=None, gra=None), Token(word='.', pos=None, mor=None, gra=None)], time_marks=None, tiers={'L3F': 'うん .', '%ort': 'u:n .'})",不明,0.5363153219223022,不明,0.5049455165863037,不明,0.45570629835128784
H3M,"Utterance(participant='H3M', tokens=[Token(word='うん', pos=None, mor=None, gra=None), Token(word='.', pos=None, mor=None, gra=None)], time_marks=None, tiers={'H3M': 'うん .', '%ort': 'u:n .'})",スペシャリスト,0.5539822578430176,不明,0.51267409324646,不明,0.43541258573532104
G3M,"Utterance(participant='G3M', tokens=[Token(word='.', pos=None, mor=None, gra=None)], time_marks=None, tiers={'G3M': '&=laugh .', '%ort': '&=laugh .'})",不明,0.5069694519042969,不明,0.4458540976047516,不明,0.39149177074432373
H3M,"Utterance(participant='H3M', tokens=[Token(word='ええ', pos=None, mor=None, gra=None), Token(word='.', pos=None, mor=None, gra=None)], time_marks=(72361, 75828), tiers={'H3M': 'ええ@i . \x1572361_75828\x15', '%ort': 'ee .'})",スペシャリスト,0.5523051619529724,不明,0.5090372562408447,不明,0.4193516969680786
G3M,"Utterance(participant='G3M', tokens=[Token(word='それどうするの', pos=None, mor=None, gra=None), Token(word='?', pos=None, mor=None, gra=None)], time_marks=(75827, 78539), tiers={'G3M': 'それどうするの ? \x1575827_78539\x15', '%ort': 'sore doo suru no ?'})",不明,0.5228396654129028,不明,0.4796435832977295,不明,0.4264857769012451
H3M,"Utterance(participant='H3M', tokens=[Token(word='ずっと笑ってるの', pos=None, mor=None, gra=None), Token(word='?', pos=None, mor=None, gra=None)], time_marks=(75827, 78539), tiers={'H3M': 'ずっと笑ってるの ? \x1575827_78539\x15', '%ort': 'zutto warattoru [: waratteru] no ?'})",不明,0.5451959371566772,不明,0.475076824426651,不明,0.4112699329853058
L3F,"Utterance(participant='L3F', tokens=[Token(word='面白い事をしてくれるって言う', pos=None, mor=None, gra=None), Token(word='.', pos=None, mor=None, gra=None)], time_marks=None, tiers={'L3F': '面白い事をしてくれるって言う .', '%ort': 'omoshiroi koto o shite kureru tte iu .'})",不明,0.5041458606719971,不明,0.47801095247268677,不明,0.5040054321289062
L3F,"Utterance(participant='L3F', tokens=[Token(word='笑いを提供してくれるって言う', pos=None, mor=None, gra=None), Token(word='.', pos=None, mor=None, gra=None)], time_marks=None, tiers={'L3F': '笑いを提供してくれるって言う .', '%ort': 'warai o teekyoo shite kureru tte iu .'})",スペシャリスト,0.5749942064285278,リソース探究者,0.5609755516052246,不明,0.49471625685691833
G3M,"Utterance(participant='G3M', tokens=[Token(word='あっ', pos=None, mor=None, gra=None), Token(word='.', pos=None, mor=None, gra=None)], time_marks=(78538, 82941), tiers={'G3M': 'あっ . \x1578538_82941\x15', '%ort': 'a: .'})",不明,0.5128790140151978,不明,0.47960662841796875,不明,0.3974657952785492
K3F,"Utterance(participant='K3F', tokens=[Token(word='話が面白いの', pos=None, mor=None, gra=None), Token(word='.', pos=None, mor=None, gra=None)], time_marks=(82941, 85304), tiers={'K3F': '話が面白いの . \x1582941_85304\x15', '%ort': 'hanashi ga omoshiroi no .'})",不明,0.5465133190155029,不明,0.525497555732727,不明,0.47388720512390137
L3F,"Utterance(participant='L3F', tokens=[Token(word='.', pos=None, mor=None, gra=None)], time_marks=(82941, 85304), tiers={'L3F': '&=laugh . \x1582941_85304\x15', '%ort': '&=laugh .'})",不明,0.5325335264205933,不明,0.4763811230659485,不明,0.4101375341415405
H3M,"Utterance(participant='H3M', tokens=[Token(word='真剣さが分からないじゃん', pos=None, mor=None, gra=None), Token(word=',', pos=None, mor=None, gra=None), Token(word='真剣さが', pos=None, mor=None, gra=None), Token(word='.', pos=None, mor=None, gra=None)], time_marks=(85302, 88183), tiers={'H3M': '真剣さが分からないじゃん, 真剣さが . \x1585302_88183\x15', '%ort': 'shinkensa ga wakaran [: wakaranai] jan „ shinkensa ga .'})",スペシャリスト,0.5555139780044556,不明,0.47634512186050415,不明,0.43894869089126587
L3F,"Utterance(participant='L3F', tokens=[Token(word='違う', pos=None, mor=None, gra=None), Token(word='.', pos=None, mor=None, gra=None)], time_marks=None, tiers={'L3F': '<違う> [/] 違う .', '%ort': 'chigau [/] chigau .'})",不明,0.5153537392616272,不明,0.49622052907943726,不明,0.5085726976394653
L3F,"Utterance(participant='L3F', tokens=[Token(word='普通に', pos=None, mor=None, gra=None), Token(word='.', pos=None, mor=None, gra=None)], time_marks=None, tiers={'L3F': '普通に .', '%ort': 'futsuu ni .'})",スペシャリスト,0.5500590205192566,不明,0.5112153887748718,不明,0.4710919260978699
K3F,"Utterance(participant='K3F', tokens=[Token(word='面白さだよね', pos=None, mor=None, gra=None), Token(word='.', pos=None, mor=None, gra=None)], time_marks=(88183, 91420), tiers={'K3F': '面白さだよね . \x1588183_91420\x15', '%ort': 'omoshirosa da yo ne .'})",不明,0.5059325695037842,不明,0.45504987239837646,不明,0.39542829990386963
K3F,"Utterance(participant='K3F', tokens=[Token(word='.', pos=None, mor=None, gra=None)], time_marks=(91420, 94260), tiers={'K3F': 'xxx . \x1591420_94260\x15', '%ort': 'xxx .'})",スペシャリスト,0.5580703020095825,不明,0.4822046160697937,不明,0.43384021520614624
L3F,"Utterance(participant='L3F', tokens=[Token(word='楽しいって思える人', pos=None, mor=None, gra=None), Token(word='.', pos=None, mor=None, gra=None)], time_marks=(91420, 94260), tiers={'L3F': '楽しいって思える人 . \x1591420_94260\x15', '%ort': 'tanoshii tte omoeru hito .'})",スペシャリスト,0.5779538154602051,不明,0.5064560174942017,不明,0.4602857232093811
G3M,"Utterance(participant='G3M', tokens=[Token(word='みんな面白い人', pos=None, mor=None, gra=None), Token(word='.', pos=None, mor=None, gra=None)], time_marks=(94258, 95890), tiers={'G3M': 'みんな面白い人 . \x1594258_95890\x15', '%ort': 'minna omoshiroi hito .'})",不明,0.45499393343925476,不明,0.4207690358161926,不明,0.3365623354911804
K3F,"Utterance(participant='K3F', tokens=[Token(word='ねそう言うのって', pos=None, mor=None, gra=None), Token(word='.', pos=None, mor=None, gra=None)], time_marks=None, tiers={'K3F': 'ねそう言うのって .', '%ort': 'ne: sooiu no tte .'})",スペシャリスト,0.5633453130722046,不明,0.5251212120056152,不明,0.4961944818496704
G3M,"Utterance(participant='G3M', tokens=[Token(word='詰まらない人っている', pos=None, mor=None, gra=None), Token(word='?', pos=None, mor=None, gra=None)], time_marks=None, tiers={'G3M': '詰まらない人っている ?', '%ort': 'tsumaran [: tsumaranai] hito tte iru ?'})",不明,0.5204554796218872,不明,0.45961278676986694,不明,0.4301277995109558
K3F,"Utterance(participant='K3F', tokens=[Token(word='いるよね', pos=None, mor=None, gra=None), Token(word='.', pos=None, mor=None, gra=None)], time_marks=None, tiers={'K3F': 'いるよね .', '%ort': 'iru yo ne .'})",不明,0.5410224199295044,不明,0.505219578742981,不明,0.4375491142272949
H3M,"Utterance(participant='H3M', tokens=[Token(word='知るか', pos=None, mor=None, gra=None), Token(word='?', pos=None, mor=None, gra=None)], time_marks=(95889, 99097), tiers={'H3M': '知るか ? \x1595889_99097\x15', '%ort': 'shiru ka ?'})",不明,0.5430583953857422,不明,0.4973052740097046,不明,0.42620545625686646
G3M,"Utterance(participant='G3M', tokens=[Token(word='いやあ', pos=None, mor=None, gra=None), Token(word='会話が弾まないとかそう言うのじゃなくてって事でしょう', pos=None, mor=None, gra=None), Token(word='?', pos=None, mor=None, gra=None)], time_marks=(99000, 102167), tiers={'G3M': 'いやあ@i 会話が弾まないとかそう言うのじゃなくてって事でしょう ? \x1599000_102167\x15', '%ort': '(i)ya(a) kaiwa ga hazumanai toka sooiu no janakute tte koto desho(o) ?'})",プラント,0.5712788105010986,不明,0.526636004447937,不明,0.5017147064208984
K3F,"Utterance(participant='K3F', tokens=[Token(word='.', pos=None, mor=None, gra=None)], time_marks=(102167, 107338), tiers={'K3F': 'xxx . \x15102167_107338\x15', '%ort': 'xxx .'})",スペシャリスト,0.5541500449180603,不明,0.4815176725387573,不明,0.42774543166160583
H3M,"Utterance(participant='H3M', tokens=[Token(word='あっ俺分からないわ', pos=None, mor=None, gra=None), Token(word='.', pos=None, mor=None, gra=None)], time_marks=(102167, 107338), tiers={'H3M': 'あっ俺分からないわ . \x15102167_107338\x15', '%ort': 'a: ore wakaran [: wakaranai] wa: .'})",不明,0.5371925830841064,不明,0.5178585052490234,不明,0.43976694345474243
H3M,"Utterance(participant='H3M', tokens=[Token(word='そう言うタイプじゃない', pos=None, mor=None, gra=None), Token(word='.', pos=None, mor=None, gra=None)], time_marks=(107337, 108464), tiers={'H3M': 'そう言うタイプじゃない . \x15107337_108464\x15', '%ort': 'sooiu taipu janai .'})",不明,0.5467785596847534,不明,0.5124812722206116,不明,0.4418361783027649
H3M,"Utterance(participant='H3M', tokens=[Token(word='つぼ', pos=None, mor=None, gra=None), Token(word='面白いから', pos=None, mor=None, gra=None), Token(word='.', pos=None, mor=None, gra=None)], time_marks=(108464, 110731), tiers={'H3M': 'つぼ@u 面白いから . \x15108464_110731\x15', '%ort': 'tsubo@u omoshiroi kara .'})",不明,0.5438311696052551,不明,0.4954364001750946,不明,0.415910005569458
L3F,"Utterance(participant='L3F', tokens=[Token(word='えっ', pos=None, mor=None, gra=None), Token(word='?', pos=None, mor=None, gra=None)], time_marks=(110730, 114773), tiers={'L3F': 'えっ ? \x15110730_114773\x15', '%ort': 'eq ?'})",スペシャリスト,0.5511988997459412,不明,0.5285318493843079,不明,0.44826740026474
H3M,"Utterance(participant='H3M', tokens=[Token(word='to', pos=None, mor=None, gra=None), Token(word='itte', pos=None, mor=None, gra=None), Token(word='.', pos=None, mor=None, gra=None)], time_marks=(110730, 114773), tiers={'H3M': 'ncha [: to itte] . \x15110730_114773\x15', '%ort': 'と言って .'})",スペシャリスト,0.5623688697814941,リソース探究者,0.5537035465240479,不明,0.45398756861686707
G3M,"Utterance(participant='G3M', tokens=[Token(word='はっ', pos=None, mor=None, gra=None), Token(word='?', pos=None, mor=None, gra=None)], time_marks=(110730, 114773), tiers={'G3M': 'はっ@i ? \x15110730_114773\x15', '%ort': 'haq ?'})",スペシャリスト,0.5550187826156616,不明,0.48277556896209717,不明,0.425998330116272
K3F,"Utterance(participant='K3F', tokens=[Token(word='えっ', pos=None, mor=None, gra=None), Token(word='?', pos=None, mor=None, gra=None)], time_marks=(110730, 114773), tiers={'K3F': 'えっ ? \x15110730_114773\x15', '%ort': 'eq ?'})",スペシャリスト,0.5621820688247681,不明,0.5279407501220703,不明,0.4524427056312561
K3F,"Utterance(participant='K3F', tokens=[Token(word='それ以外の事は', pos=None, mor=None, gra=None), Token(word='.', pos=None, mor=None, gra=None)], time_marks=(114772, 116677), tiers={'K3F': 'それ以外の事は . \x15114772_116677\x15', '%ort': 'sore igai no koto wa .'})",不明,0.49331068992614746,不明,0.4850957989692688,不明,0.45292457938194275
L3F,"Utterance(participant='L3F', tokens=[Token(word='.', pos=None, mor=None, gra=None)], time_marks=(114772, 116677), tiers={'L3F': '&=laugh . \x15114772_116677\x15', '%ort': '&=laugh .'})",不明,0.5331286787986755,不明,0.47394171357154846,不明,0.4007979929447174
G3M,"Utterance(participant='G3M', tokens=[Token(word='声張って行こう', pos=None, mor=None, gra=None), Token(word='.', pos=None, mor=None, gra=None)], time_marks=(116676, 119251), tiers={'G3M': '声張って行こう . \x15116676_119251\x15', '%ort': 'koe hatte (i)ko(o) .'})",スペシャリスト,0.5868133902549744,不明,0.5241216421127319,不明,0.5016445517539978
G3M,"Utterance(participant='G3M', tokens=[Token(word='はっきり喋って行こう', pos=None, mor=None, gra=None), Token(word='.', pos=None, mor=None, gra=None)], time_marks=(119250, 120318), tiers={'G3M': 'はっきり喋って行こう . \x15119250_120318\x15', '%ort': 'hakkiri shabette (i)ko(o) .'})",プラント,0.572182297706604,不明,0.5255522727966309,不明,0.5101559162139893
H3M,"Utterance(participant='H3M', tokens=[Token(word='俺はね君達の思っている以上に眠たいんだよ', pos=None, mor=None, gra=None), Token(word='.', pos=None, mor=None, gra=None)], time_marks=(120318, 122821), tiers={'H3M': '俺はね君達の思っている以上に眠たいんだよ . \x15120318_122821\x15', '%ort': 'ore wa ne: kimitachi no omotte iru ijoo ni nemutai n da yo .'})",不明,0.5048575401306152,不明,0.43772900104522705,不明,0.4485812187194824
L3F,"Utterance(participant='L3F', tokens=[Token(word='知らないよ', pos=None, mor=None, gra=None), Token(word='.', pos=None, mor=None, gra=None)], time_marks=(122820, 124554), tiers={'L3F': '知らないよ . \x15122820_124554\x15', '%ort': 'shiranai yo .'})",不明,0.49746423959732056,不明,0.48992112278938293,不明,0.42237550020217896
G3M,"Utterance(participant='G3M', tokens=[Token(word='まあ知らない', pos=None, mor=None, gra=None), Token(word='.', pos=None, mor=None, gra=None)], time_marks=(124554, 127141), tiers={'G3M': 'まあ知らない . \x15124554_127141\x15', '%ort': 'maa shiranai .'})",不明,0.49721530079841614,不明,0.4916260242462158,不明,0.40728285908699036
H3M,"Utterance(participant='H3M', tokens=[Token(word='うん', pos=None, mor=None, gra=None), Token(word='.', pos=None, mor=None, gra=None)], time_marks=(124554, 127141), tiers={'H3M': 'うん . \x15124554_127141\x15', '%ort': 'u:n .'})",不明,0.5428582429885864,不明,0.503887414932251,不明,0.41587376594543457
K3F,"Utterance(participant='K3F', tokens=[Token(word='寝てても良いよ', pos=None, mor=None, gra=None), Token(word='.', pos=None, mor=None, gra=None)], time_marks=(127141, 129116), tiers={'K3F': '寝てても良いよ . \x15127141_129116\x15', '%ort': 'netete mo ii yo .'})",不明,0.5083756446838379,不明,0.47296902537345886,不明,0.45577502250671387
H3M,"Utterance(participant='H3M', tokens=[Token(word='本当', pos=None, mor=None, gra=None), Token(word='?', pos=None, mor=None, gra=None)], time_marks=(129116, 129713), tiers={'H3M': '本当 ? \x15129116_129713\x15', '%ort': 'honto(o) ?'})",スペシャリスト,0.560608446598053,不明,0.5361676216125488,不明,0.4550137519836426
G3M,"Utterance(participant='G3M', tokens=[Token(word='うん', pos=None, mor=None, gra=None), Token(word='.', pos=None, mor=None, gra=None)], time_marks=(129713, 131092), tiers={'G3M': 'うん . \x15129713_131092\x15', '%ort': 'u:n .'})",不明,0.512332558631897,不明,0.4966539144515991,不明,0.4176945686340332
H3M,"Utterance(participant='H3M', tokens=[Token(word='じゃやってても良いよ', pos=None, mor=None, gra=None), Token(word='.', pos=None, mor=None, gra=None)], time_marks=(129713, 131092), tiers={'H3M': 'じゃやってても良いよ . \x15129713_131092\x15', '%ort': 'ja: yattete mo ii yo .'})",不明,0.5434528589248657,不明,0.49617746472358704,不明,0.4195935130119324
G3M,"Utterance(participant='G3M', tokens=[Token(word='笑いだけじゃないでしょう', pos=None, mor=None, gra=None), Token(word='?', pos=None, mor=None, gra=None)], time_marks=(131092, 136128), tiers={'G3M': '笑いだけじゃないでしょう ? \x15131092_136128\x15', '%ort': 'warai dake janai desho(o) ?'})",不明,0.5120891332626343,不明,0.48484885692596436,不明,0.38813868165016174
L3F,"Utterance(participant='L3F', tokens=[Token(word='何だろう', pos=None, mor=None, gra=None), Token(word='?', pos=None, mor=None, gra=None)], time_marks=(136128, 138898), tiers={'L3F': '何だろう ? \x15136128_138898\x15', '%ort': 'nan daroo ?'})",不明,0.5049422979354858,不明,0.4847375154495239,不明,0.41613274812698364
K3F,"Utterance(participant='K3F', tokens=[Token(word='ね', pos=None, mor=None, gra=None), Token(word='.', pos=None, mor=None, gra=None)], time_marks=(136128, 138898), tiers={'K3F': 'ね . \x15136128_138898\x15', '%ort': 'ne: .'})",不明,0.5345256328582764,不明,0.5052581429481506,不明,0.4261118769645691
L3F,"Utterance(participant='L3F', tokens=[Token(word='うん', pos=None, mor=None, gra=None), Token(word='.', pos=None, mor=None, gra=None)], time_marks=None, tiers={'L3F': 'うん .', '%ort': 'u:n .'})",不明,0.5363153219223022,不明,0.5049455165863037,不明,0.45570629835128784
K3F,"Utterance(participant='K3F', tokens=[Token(word='イケ面', pos=None, mor=None, gra=None), Token(word='?', pos=None, mor=None, gra=None)], time_marks=None, tiers={'K3F': 'イケ面 ?', '%ort': 'ikemen ?'})",不明,0.5406378507614136,不明,0.48458823561668396,不明,0.45168161392211914
L3F,"Utterance(participant='L3F', tokens=[Token(word='あっ', pos=None, mor=None, gra=None), Token(word='.', pos=None, mor=None, gra=None)], time_marks=None, tiers={'L3F': 'あっ &=laugh .', '%ort': 'a: &=laugh .'})",不明,0.5338807106018066,不明,0.49937325716018677,不明,0.4399818778038025
K3F,"Utterance(participant='K3F', tokens=[Token(word='.', pos=None, mor=None, gra=None)], time_marks=(138897, 143096), tiers={'K3F': '&=laugh . \x15138897_143096\x15', '%ort': '&=laugh .'})",不明,0.5498496294021606,不明,0.47057679295539856,不明,0.4178445637226105
G3M,"Utterance(participant='G3M', tokens=[Token(word='結局顔かよ', pos=None, mor=None, gra=None), Token(word='.', pos=None, mor=None, gra=None)], time_marks=(143094, 144464), tiers={'G3M': '結局顔かよ . \x15143094_144464\x15', '%ort': 'kekkyoku kao ka yo .'})",不明,0.5406255722045898,不明,0.47359779477119446,不明,0.4120308756828308
H3M,"Utterance(participant='H3M', tokens=[Token(word='結局顔かもね', pos=None, mor=None, gra=None), Token(word='.', pos=None, mor=None, gra=None)], time_marks=(143094, 144464), tiers={'H3M': '結局顔かもね . \x15143094_144464\x15', '%ort': 'kekkyoku kao kamo ne .'})",不明,0.5312860608100891,不明,0.460387259721756,不明,0.41334041953086853
G3M,"Utterance(participant='G3M', tokens=[Token(word='って言うか極端に俺ら顔って言ったよなあ', pos=None, mor=None, gra=None), Token(word='.', pos=None, mor=None, gra=None)], time_marks=None, tiers={'G3M': 'って言うか極端に俺ら顔って言ったよなあ .', '%ort': 'tteka [: tte iu ka] kyokutan ni orera kao tte yutta yo naa .'})",プラント,0.5713054537773132,不明,0.4676002860069275,不明,0.46367347240448
G3M,"Utterance(participant='G3M', tokens=[Token(word='前顔出たけどね', pos=None, mor=None, gra=None), Token(word='.', pos=None, mor=None, gra=None)], time_marks=None, tiers={'G3M': '前顔出たけどね .', '%ort': 'mae kao deta kedo ne .'})",不明,0.5339434146881104,不明,0.4860437512397766,不明,0.43997806310653687
L3F,"Utterance(participant='L3F', tokens=[Token(word='癖', pos=None, mor=None, gra=None), Token(word='?', pos=None, mor=None, gra=None)], time_marks=(143094, 146172), tiers={'L3F': '癖 ? \x15143094_146172\x15', '%ort': 'kuse ?'})",不明,0.528653621673584,不明,0.4885770380496979,不明,0.431473046541214
G3M,"Utterance(participant='G3M', tokens=[Token(word='背', pos=None, mor=None, gra=None), Token(word='.', pos=None, mor=None, gra=None)], time_marks=(146170, 147576), tiers={'G3M': '背 . \x15146170_147576\x15', '%ort': 'se .'})",不明,0.5172802209854126,不明,0.48229214549064636,不明,0.4253653883934021
G3M,"Utterance(participant='G3M', tokens=[Token(word='あっ', pos=None, mor=None, gra=None), Token(word='.', pos=None, mor=None, gra=None)], time_marks=(147576, 148879), tiers={'G3M': 'あっ . \x15147576_148879\x15', '%ort': 'a: .'})",不明,0.5000214576721191,不明,0.4808964133262634,不明,0.38695254921913147
H3M,"Utterance(participant='H3M', tokens=[Token(word='みんな背って言うよね', pos=None, mor=None, gra=None), Token(word='.', pos=None, mor=None, gra=None)], time_marks=(148878, 150702), tiers={'H3M': 'みんな背って言うよね . \x15148878_150702\x15', '%ort': 'minna se tte yuu yo ne .'})",不明,0.4885653257369995,不明,0.4374576807022095,不明,0.4518511891365051
L3F,"Utterance(participant='L3F', tokens=[Token(word='あっ', pos=None, mor=None, gra=None), Token(word='ごめん', pos=None, mor=None, gra=None), Token(word='ね', pos=None, mor=None, gra=None), Token(word='.', pos=None, mor=None, gra=None)], time_marks=(150702, 151610), tiers={'L3F': 'あっ ごめん@g ね . \x15150702_151610\x15', '%ort': 'aq gomen ne .'})",スペシャリスト,0.562382698059082,リソース探究者,0.5541075468063354,不明,0.5211939215660095
G3M,"Utterance(participant='G3M', tokens=[Token(word='えっ背気にしない人も中には居る', pos=None, mor=None, gra=None), Token(word='.', pos=None, mor=None, gra=None)], time_marks=(151500, 153554), tiers={'G3M': 'えっ背気にしない人も中には居る . \x15151500_153554\x15', '%ort': 'eq se ki ni shinai hito mo naka ni wa iru .'})",不明,0.519719123840332,不明,0.45604151487350464,不明,0.4808892011642456
H3M,"Utterance(participant='H3M', tokens=[Token(word='私背気にしないって言う人百人中百人は居る', pos=None, mor=None, gra=None), Token(word='.', pos=None, mor=None, gra=None)], time_marks=(153552, 156574), tiers={'H3M': '私背気にしないって言う人百人中百人は居る . \x15153552_156574\x15', '%ort': 'watashi se ki ni shinai tte yuu hito hyakuninchuu hyakunin wa iru .'})",不明,0.5059108734130859,不明,0.4502184987068176,不明,0.4405931830406189
G3M,"Utterance(participant='G3M', tokens=[Token(word='えっ', pos=None, mor=None, gra=None), Token(word='.', pos=None, mor=None, gra=None)], time_marks=(156574, 159984), tiers={'G3M': 'えっ . \x15156574_159984\x15', '%ort': 'eq .'})",不明,0.518086314201355,不明,0.4987283945083618,不明,0.4133206009864807
H3M,"Utterance(participant='H3M', tokens=[Token(word='百人中百人はそう言う', pos=None, mor=None, gra=None), Token(word='.', pos=None, mor=None, gra=None)], time_marks=(156574, 159984), tiers={'H3M': '百人中百人はそう言う . \x15156574_159984\x15', '%ort': 'hyakuninchuu hyakunin wa soo yuu .'})",スペシャリスト,0.5648637413978577,不明,0.5427528619766235,不明,0.4680805206298828
G3M,"Utterance(participant='G3M', tokens=[Token(word='百人中百人はそう言わないよ', pos=None, mor=None, gra=None), Token(word='.', pos=None, mor=None, gra=None)], time_marks=(159983, 161859), tiers={'G3M': '百人中百人はそう言わないよ . \x15159983_161859\x15', '%ort': 'hyakuninchuu hyakyunin wa soo iwanee [: iwanai] yo .'})",不明,0.5188314914703369,不明,0.499162495136261,不明,0.42679643630981445
L3F,"Utterance(participant='L3F', tokens=[Token(word='逆じゃね', pos=None, mor=None, gra=None), Token(word='?', pos=None, mor=None, gra=None)], time_marks=(161859, 162827), tiers={'L3F': '逆じゃね ? \x15161859_162827\x15', '%ort': 'gyaku ja ne ?'})",不明,0.5016480684280396,不明,0.4674845337867737,不明,0.4059140980243683
K3F,"Utterance(participant='K3F', tokens=[Token(word='.', pos=None, mor=None, gra=None)], time_marks=(161859, 162827), tiers={'K3F': '&=laugh . \x15161859_162827\x15', '%ort': '&=laugh .'})",スペシャリスト,0.5529875755310059,不明,0.4792923331260681,不明,0.4251401424407959
H3M,"Utterance(participant='H3M', tokens=[Token(word='そうか', pos=None, mor=None, gra=None), Token(word='.', pos=None, mor=None, gra=None)], time_marks=(162826, 166695), tiers={'H3M': 'そうか . \x15162826_166695\x15', '%ort': 'so(o) k:a .'})",不明,0.5355138182640076,不明,0.4781097173690796,不明,0.41152316331863403
G3M,"Utterance(participant='G3M', tokens=[Token(word='百人中百人って百パーセントじゃん', pos=None, mor=None, gra=None), Token(word='.', pos=None, mor=None, gra=None)], time_marks=(162826, 166695), tiers={'G3M': '百人中百人って百パーセントじゃん . \x15162826_166695\x15', '%ort': 'hyakuninchuu hyakunin tte hyakupaasento yan [: jan] .'})",不明,0.5463716983795166,不明,0.4710664451122284,不明,0.40076756477355957
G3M,"Utterance(participant='G3M', tokens=[Token(word='全員が言うじゃん', pos=None, mor=None, gra=None), Token(word='.', pos=None, mor=None, gra=None)], time_marks=(166695, 168499), tiers={'G3M': '全員が言うじゃん . \x15166695_168499\x15', '%ort': 'zenin ga yuu jan .'})",不明,0.5292402505874634,不明,0.5099244117736816,不明,0.43403393030166626
H3M,"Utterance(participant='H3M', tokens=[Token(word='だけど言うけど', pos=None, mor=None, gra=None), Token(word='背の高い人と付き合ってるじゃん', pos=None, mor=None, gra=None), Token(word='.', pos=None, mor=None, gra=None)], time_marks=(168498, 173659), tiers={'H3M': 'だけど言うけど <背の &+つき> [//] 背の高い人と付き合ってるじゃん . \x15168498_173659\x15', '%ort': 'dakedo yuu kedo <se no &+tsuki> [//] se no takai hito to tsukiatteru jan .'})",スペシャリスト,0.641086220741272,不明,0.5147929787635803,不明,0.502585768699646
G3M,"Utterance(participant='G3M', tokens=[Token(word='口だけって事', pos=None, mor=None, gra=None), Token(word='.', pos=None, mor=None, gra=None)], time_marks=(173659, 175400), tiers={'G3M': '口だけって事 . \x15173659_175400\x15', '%ort': 'kuchi dake tte koto .'})",不明,0.5473505854606628,不明,0.5014150142669678,不明,0.4497185945510864
H3M,"Utterance(participant='H3M', tokens=[Token(word='口だけ', pos=None, mor=None, gra=None), Token(word='.', pos=None, mor=None, gra=None)], time_marks=(173659, 175400), tiers={'H3M': '口だけ . \x15173659_175400\x15', '%ort': 'kuchi dake .'})",スペシャリスト,0.5838508009910583,不明,0.525572657585144,不明,0.4526859521865845
K3F,"Utterance(participant='K3F', tokens=[Token(word='.', pos=None, mor=None, gra=None)], time_marks=(175399, 177403), tiers={'K3F': '&=laugh . \x15175399_177403\x15', '%ort': '&=laugh .'})",スペシャリスト,0.562759280204773,不明,0.4573235809803009,不明,0.3997385799884796
H3M,"Utterance(participant='H3M', tokens=[Token(word='ソーリー', pos=None, mor=None, gra=None), Token(word='.', pos=None, mor=None, gra=None)], time_marks=(175399, 177403), tiers={'H3M': 'ソーリー@g . \x15175399_177403\x15', '%ort': 'soorii [= sorry] .'})",不明,0.5286075472831726,不明,0.4983192980289459,不明,0.38506704568862915
L3F,"Utterance(participant='L3F', tokens=[Token(word='大丈夫', pos=None, mor=None, gra=None), Token(word=',', pos=None, mor=None, gra=None), Token(word='Kちゃん', pos=None, mor=None, gra=None), Token(word='?', pos=None, mor=None, gra=None)], time_marks=(177402, 180005), tiers={'L3F': '大丈夫, Kちゃん [= K3F] ? \x15177402_180005\x15', '%ort': 'daijoobu „ Kchan ?'})",スペシャリスト,0.5746718049049377,不明,0.5018249750137329,不明,0.4638323485851288
K3F,"Utterance(participant='K3F', tokens=[Token(word='大丈夫', pos=None, mor=None, gra=None), Token(word='.', pos=None, mor=None, gra=None)], time_marks=(177402, 180005), tiers={'K3F': '<大丈夫> [/] 大丈夫 . \x15177402_180005\x15', '%ort': 'daijoobu [/] daijoobu .'})",スペシャリスト,0.557171642780304,不明,0.4878799617290497,不明,0.42287811636924744
H3M,"Utterance(participant='H3M', tokens=[Token(word='別に何も', pos=None, mor=None, gra=None), Token(word=',', pos=None, mor=None, gra=None), Token(word='別に', pos=None, mor=None, gra=None), Token(word='.', pos=None, mor=None, gra=None)], time_marks=None, tiers={'H3M': '別に何も, 別に .', '%ort': 'betsu ni nan(i)mo „ betsu ni .'})",不明,0.5482936501502991,不明,0.5268837809562683,不明,0.4877256155014038
G3M,"Utterance(participant='G3M', tokens=[Token(word='.', pos=None, mor=None, gra=None)], time_marks=(180005, 185344), tiers={'G3M': '&=cough . \x15180005_185344\x15', '%ort': '&=cough .'})",不明,0.5293579697608948,不明,0.48051127791404724,不明,0.41034048795700073
H3M,"Utterance(participant='H3M', tokens=[Token(word='別に', pos=None, mor=None, gra=None), Token(word='.', pos=None, mor=None, gra=None)], time_marks=(180005, 185344), tiers={'H3M': '別に . \x15180005_185344\x15', '%ort': 'betsu ni .'})",不明,0.5359396934509277,不明,0.4958694875240326,不明,0.44143804907798767
H3M,"Utterance(participant='H3M', tokens=[Token(word='別に', pos=None, mor=None, gra=None), Token(word='.', pos=None, mor=None, gra=None)], time_marks=(185343, 191652), tiers={'H3M': '別に . \x15185343_191652\x15', '%ort': 'betsu ni .'})",不明,0.5447807312011719,不明,0.5060978531837463,不明,0.41588664054870605
K3F,"Utterance(participant='K3F', tokens=[Token(word='本当の事言って', pos=None, mor=None, gra=None), Token(word='.', pos=None, mor=None, gra=None)], time_marks=(185343, 191652), tiers={'K3F': '本当の事言って . \x15185343_191652\x15', '%ort': 'hontoo no koto yutte .'})",スペシャリスト,0.5842517614364624,リソース探究者,0.5630046129226685,不明,0.4922945499420166
H3M,"Utterance(participant='H3M', tokens=[Token(word='何があ', pos=None, mor=None, gra=None), Token(word='?', pos=None, mor=None, gra=None)], time_marks=(191651, 195922), tiers={'H3M': '何があ ? \x15191651_195922\x15', '%ort': 'nani ga: ?'})",スペシャリスト,0.5535024404525757,不明,0.5203660726547241,不明,0.4265276789665222
K3F,"Utterance(participant='K3F', tokens=[Token(word='別に', pos=None, mor=None, gra=None), Token(word='.', pos=None, mor=None, gra=None)], time_marks=(191651, 195922), tiers={'K3F': '別に . \x15191651_195922\x15', '%ort': 'be:tsu: ni: .'})",不明,0.5423586964607239,不明,0.499184787273407,不明,0.4500313401222229
K3F,"Utterance(participant='K3F', tokens=[Token(word='良いと思うよ', pos=None, mor=None, gra=None), Token(word='.', pos=None, mor=None, gra=None)], time_marks=(195920, 198593), tiers={'K3F': '良いと思うよ . \x15195920_198593\x15', '%ort': 'ii to omou yo .'})",不明,0.5310966968536377,不明,0.5063307881355286,不明,0.4209443926811218
H3M,"Utterance(participant='H3M', tokens=[Token(word='僕の事分かってくれる人は', pos=None, mor=None, gra=None), Token(word='...', pos=None, mor=None, gra=None)], time_marks=(198591, 200760), tiers={'H3M': '僕の事分かってくれる人は +... \x15198591_200760\x15', '%ort': 'boku no koto wakatte kureru hito wa +...'})",スペシャリスト,0.5503198504447937,不明,0.48398858308792114,不明,0.4145560562610626
K3F,"Utterance(participant='K3F', tokens=[Token(word='居る', pos=None, mor=None, gra=None), Token(word=',', pos=None, mor=None, gra=None), Token(word='きっと', pos=None, mor=None, gra=None), Token(word='.', pos=None, mor=None, gra=None)], time_marks=(200744, 201995), tiers={'K3F': '<居る> [/] 居る, きっと . \x15200744_201995\x15', '%ort': 'iru [/] iru „ kitto .'})",不明,0.48530590534210205,不明,0.4906984567642212,不明,0.5336374044418335
H3M,"Utterance(participant='H3M', tokens=[Token(word='あっ', pos=None, mor=None, gra=None), Token(word='ありがとう', pos=None, mor=None, gra=None), Token(word='.', pos=None, mor=None, gra=None)], time_marks=(201995, 203493), tiers={'H3M': 'あっ ありがとう@g &=laugh . \x15201995_203493\x15', '%ort': 'a: arigato(o) &=laugh .'})",不明,0.5445953607559204,不明,0.4902579188346863,不明,0.43232762813568115
G3M,"Utterance(participant='G3M', tokens=[Token(word='.', pos=None, mor=None, gra=None)], time_marks=(203492, 206205), tiers={'G3M': '&=laugh . \x15203492_206205\x15', '%ort': '&=laugh .'})",不明,0.5108473300933838,不明,0.45993080735206604,不明,0.3893531262874603
K3F,"Utterance(participant='K3F', tokens=[Token(word='超酷い', pos=None, mor=None, gra=None), Token(word='.', pos=None, mor=None, gra=None)], time_marks=(203492, 206204), tiers={'K3F': '超酷い . \x15203492_206204\x15', '%ort': 'choohidoi .'})",不明,0.5472686886787415,不明,0.4603842794895172,不明,0.4446181058883667
L3F,"Utterance(participant='L3F', tokens=[Token(word='.', pos=None, mor=None, gra=None)], time_marks=(203492, 206204), tiers={'L3F': '&=laugh . \x15203492_206204\x15', '%ort': '&=laugh .'})",不明,0.5212652087211609,不明,0.4655039310455322,不明,0.40134531259536743
L3F,"Utterance(participant='L3F', tokens=[Token(word='.', pos=None, mor=None, gra=None)], time_marks=(206203, 213144), tiers={'L3F': '&=cough . \x15206203_213144\x15', '%ort': '&=cough .'})",不明,0.5328021049499512,不明,0.4845679998397827,不明,0.40991491079330444
G3M,"Utterance(participant='G3M', tokens=[Token(word='はい', pos=None, mor=None, gra=None), Token(word='ゴー', pos=None, mor=None, gra=None), Token(word='.', pos=None, mor=None, gra=None)], time_marks=(213142, 215638), tiers={'G3M': 'はい ゴー@g . \x15213142_215638\x15', '%ort': 'hai goo .'})",不明,0.5435999035835266,不明,0.5271865129470825,不明,0.4422922730445862
G3M,"Utterance(participant='G3M', tokens=[Token(word='.', pos=None, mor=None, gra=None)], time_marks=(215479, 217607), tiers={'G3M': '&=cough . \x15215479_217607\x15', '%ort': '&=cough .'})",不明,0.5286910533905029,不明,0.48440855741500854,不明,0.3953731954097748
L3F,"Utterance(participant='L3F', tokens=[Token(word='他は', pos=None, mor=None, gra=None), Token(word='?', pos=None, mor=None, gra=None)], time_marks=None, tiers={'L3F': '他は ?', '%ort': 'hoka wa ?'})",不明,0.540489912033081,不明,0.4976016879081726,不明,0.4826207756996155
L3F,"Utterance(participant='L3F', tokens=[Token(word='一杯あるよ', pos=None, mor=None, gra=None), Token(word='.', pos=None, mor=None, gra=None)], time_marks=(217605, 222348), tiers={'L3F': '一杯あるよ . \x15217605_222348\x15', '%ort': 'ippai aru yo .'})",不明,0.5393555164337158,不明,0.5315200090408325,不明,0.44482100009918213
G3M,"Utterance(participant='G3M', tokens=[Token(word='うん', pos=None, mor=None, gra=None), Token(word='.', pos=None, mor=None, gra=None)], time_marks=None, tiers={'G3M': 'うん .', '%ort': 'un .'})",不明,0.5304123759269714,不明,0.4979885518550873,不明,0.43242180347442627
G3M,"Utterance(participant='G3M', tokens=[Token(word='なら全部言いなさい', pos=None, mor=None, gra=None), Token(word='!', pos=None, mor=None, gra=None)], time_marks=(221246, 223622), tiers={'G3M': 'なら全部言いなさい ! \x15221246_223622\x15', '%ort': 'nara zembu iiyaa [: iinasai] !'})",不明,0.5231822729110718,不明,0.4881443977355957,不明,0.45255938172340393
H3M,"Utterance(participant='H3M', tokens=[Token(word='そんな一杯出てくる', pos=None, mor=None, gra=None), Token(word='?', pos=None, mor=None, gra=None)], time_marks=(223620, 225644), tiers={'H3M': 'そんな一杯出てくる ? \x15223620_225644\x15', '%ort': 'sonna ippai dete kuru ?'})",スペシャリスト,0.568437397480011,不明,0.5403034090995789,不明,0.4759142994880676
K3F,"Utterance(participant='K3F', tokens=[Token(word='運動神経', pos=None, mor=None, gra=None), Token(word='.', pos=None, mor=None, gra=None)], time_marks=(225643, 227355), tiers={'K3F': '運動神経 . \x15225643_227355\x15', '%ort': 'undooshinkee .'})",スペシャリスト,0.5773058533668518,不明,0.5191367268562317,不明,0.44573166966438293
L3F,"Utterance(participant='L3F', tokens=[Token(word='あはっ', pos=None, mor=None, gra=None), Token(word='.', pos=None, mor=None, gra=None)], time_marks=(225643, 227355), tiers={'L3F': 'あはっ@i . \x15225643_227355\x15', '%ort': 'ahaq@i .'})",不明,0.5180320739746094,不明,0.4968585968017578,不明,0.40958189964294434
H3M,"Utterance(participant='H3M', tokens=[Token(word='小学生か', pos=None, mor=None, gra=None), Token(word='.', pos=None, mor=None, gra=None)], time_marks=(227354, 229114), tiers={'H3M': '小学生か . \x15227354_229114\x15', '%ort': 'shoogakusee ka .'})",スペシャリスト,0.5568296909332275,不明,0.4870489835739136,不明,0.3891982138156891
ALL,"Utterance(participant='ALL', tokens=[Token(word='.', pos=None, mor=None, gra=None)], time_marks=(229113, 230062), tiers={'ALL': '&=laugh . \x15229113_230062\x15', '%ort': '&=laugh .'})",不明,0.5178865194320679,不明,0.4914088845252991,不明,0.4097277522087097
K3F,"Utterance(participant='K3F', tokens=[Token(word='大事だよね', pos=None, mor=None, gra=None), Token(word='.', pos=None, mor=None, gra=None)], time_marks=(230061, 231091), tiers={'K3F': '大事だよね . \x15230061_231091\x15', '%ort': 'daiji da yo ne: .'})",スペシャリスト,0.5645965337753296,不明,0.5140082240104675,不明,0.43470895290374756
G3M,"Utterance(participant='G3M', tokens=[Token(word='大事かも知れないけどでも実際さもう大学生ぐらいになったらさ運動神経', pos=None, mor=None, gra=None), Token(word='分からなくない', pos=None, mor=None, gra=None), Token(word='?', pos=None, mor=None, gra=None)], time_marks=(231090, 236030), tiers={'G3M': '大事かも知れないけどでも実際さもう大学生ぐらいになったらさ運動神経 分からなくない ? \x15231090_236030\x15', '%ort': 'daiji kamoshinnee [: kamoshirenai] kedo demo jissai saa moo daigakusee gurai ni nattara saa undooshinkee wakaranku [: wakaranaku] nai ?'})",スペシャリスト,0.5502420663833618,不明,0.5081460475921631,不明,0.48806220293045044
K3F,"Utterance(participant='K3F', tokens=[Token(word='あっちが子どもがって思うしさ', pos=None, mor=None, gra=None), Token(word='.', pos=None, mor=None, gra=None)], time_marks=(236029, 238430), tiers={'K3F': 'あっちが子どもがって思うしさ . \x15236029_238430\x15', '%ort': 'atchi ga kodomo ga tte omou shi saa .'})",不明,0.5337663292884827,不明,0.46604079008102417,不明,0.4062306582927704
G3M,"Utterance(participant='G3M', tokens=[Token(word='あっ', pos=None, mor=None, gra=None), Token(word='.', pos=None, mor=None, gra=None)], time_marks=(236029, 238430), tiers={'G3M': 'あっ . \x15236029_238430\x15', '%ort': 'a: .'})",不明,0.5053759217262268,不明,0.4826587438583374,不明,0.39280444383621216
K3F,"Utterance(participant='K3F', tokens=[Token(word='何にも出来なかったら嫌だもん', pos=None, mor=None, gra=None), Token(word='.', pos=None, mor=None, gra=None)], time_marks=(238429, 241069), tiers={'K3F': '何にも出来なかったら嫌だもん . \x15238429_241069\x15', '%ort': 'nanimo dekinakattara (i)ya da mon .'})",不明,0.4715217649936676,不明,0.4455389380455017,不明,0.4186694622039795
G3M,"Utterance(participant='G3M', tokens=[Token(word='あっ', pos=None, mor=None, gra=None), Token(word='.', pos=None, mor=None, gra=None)], time_marks=(238429, 241069), tiers={'G3M': 'あっ . \x15238429_241069\x15', '%ort': 'a: .'})",不明,0.4928206503391266,不明,0.46421051025390625,不明,0.3839370608329773
H3M,"Utterance(participant='H3M', tokens=[Token(word='何も出来ない様な奴何て居ないだろう', pos=None, mor=None, gra=None), Token(word='.', pos=None, mor=None, gra=None)], time_marks=(241067, 242867), tiers={'H3M': '何も出来ない様な奴何て居ないだろう . \x15241067_242867\x15', '%ort': 'nanimo dekinai yoo na yatsu nante inai daroo .'})",不明,0.40410488843917847,不明,0.4041653871536255,不明,0.33621537685394287
K3F,"Utterance(participant='K3F', tokens=[Token(word='居るじゃん', pos=None, mor=None, gra=None), Token(word=',', pos=None, mor=None, gra=None), Token(word='出来ない人', pos=None, mor=None, gra=None), Token(word='.', pos=None, mor=None, gra=None)], time_marks=(242866, 247672), tiers={'K3F': '居るじゃん, 出来ない人 . \x15242866_247672\x15', '%ort': 'iru jan „ dekinai hito .'})",不明,0.44910722970962524,不明,0.4548766613006592,不明,0.4223491847515106
G3M,"Utterance(participant='G3M', tokens=[Token(word='いやあ', pos=None, mor=None, gra=None), Token(word='それでも別に何かスクールに入れたら良い', pos=None, mor=None, gra=None), Token(word='.', pos=None, mor=None, gra=None)], time_marks=(242866, 247672), tiers={'G3M': 'いやあ@i それでも別に何かスクールに入れたら良い . \x15242866_247672\x15', '%ort': 'iyaa sore de mo betsu ni nanka sukuuru ni iretara ii .'})",不明,0.5455272793769836,不明,0.5213176012039185,不明,0.49487239122390747
H3M,"Utterance(participant='H3M', tokens=[Token(word='うん', pos=None, mor=None, gra=None), Token(word='.', pos=None, mor=None, gra=None)], time_marks=(242866, 247672), tiers={'H3M': 'うん . \x15242866_247672\x15', '%ort': 'un .'})",不明,0.539785623550415,不明,0.5029654502868652,不明,0.40216347575187683
L3F,"Utterance(participant='L3F', tokens=[Token(word='嫌だ', pos=None, mor=None, gra=None), Token(word='.', pos=None, mor=None, gra=None)], time_marks=(242866, 247672), tiers={'L3F': '嫌だ . \x15242866_247672\x15', '%ort': '(i)ya: da: .'})",不明,0.5146089196205139,不明,0.49546799063682556,不明,0.41520872712135315
G3M,"Utterance(participant='G3M', tokens=[Token(word='やってたの', pos=None, mor=None, gra=None), Token(word='?', pos=None, mor=None, gra=None)], time_marks=(247670, 248939), tiers={'G3M': 'やってたの ? \x15247670_248939\x15', '%ort': 'yatteta no ?'})",不明,0.528343915939331,不明,0.4618654251098633,不明,0.416208952665329
K3F,"Utterance(participant='K3F', tokens=[Token(word='絶対', pos=None, mor=None, gra=None), Token(word='.', pos=None, mor=None, gra=None)], time_marks=None, tiers={'K3F': '絶対 .', '%ort': 'zettai .'})",スペシャリスト,0.6059207320213318,不明,0.49958789348602295,不明,0.503326416015625
G3M,"Utterance(participant='G3M', tokens=[Token(word='何で', pos=None, mor=None, gra=None), Token(word='?', pos=None, mor=None, gra=None)], time_marks=None, tiers={'G3M': '何で ?', '%ort': 'nande ?'})",不明,0.5175799131393433,不明,0.48507100343704224,不明,0.46113499999046326
K3F,"Utterance(participant='K3F', tokens=[Token(word='出来る人じゃなきゃ嫌だ', pos=None, mor=None, gra=None), Token(word='.', pos=None, mor=None, gra=None)], time_marks=(248939, 251842), tiers={'K3F': '出来る人じゃなきゃ嫌だ . \x15248939_251842\x15', '%ort': 'dekiru hito janakya (i)ya da .'})",不明,0.4627830982208252,不明,0.4244542717933655,不明,0.380614697933197
G3M,"Utterance(participant='G3M', tokens=[Token(word='あっ', pos=None, mor=None, gra=None), Token(word='.', pos=None, mor=None, gra=None)], time_marks=(251841, 254212), tiers={'G3M': 'あっ . \x15251841_254212\x15', '%ort': 'a: .'})",不明,0.5027492046356201,不明,0.48760974407196045,不明,0.3945833444595337
H3M,"Utterance(participant='H3M', tokens=[Token(word='考えてるね', pos=None, mor=None, gra=None), Token(word='.', pos=None, mor=None, gra=None)], time_marks=None, tiers={'H3M': '考えてるね .', '%ort': 'kangaeteru ne .'})",スペシャリスト,0.5538166761398315,不明,0.49930548667907715,不明,0.4500429034233093
H3M,"Utterance(participant='H3M', tokens=[Token(word='凄い', pos=None, mor=None, gra=None), Token(word=',', pos=None, mor=None, gra=None), Token(word='何か', pos=None, mor=None, gra=None), Token(word='.', pos=None, mor=None, gra=None)], time_marks=(251841, 254212), tiers={'H3M': '凄い, 何か . \x15251841_254212\x15', '%ort': 'sugoi ne „ nanka .'})",スペシャリスト,0.5672175884246826,不明,0.5416404008865356,不明,0.4581655263900757
K3F,"Utterance(participant='K3F', tokens=[Token(word='考えてないよ', pos=None, mor=None, gra=None), Token(word=',', pos=None, mor=None, gra=None), Token(word='別に', pos=None, mor=None, gra=None), Token(word='.', pos=None, mor=None, gra=None)], time_marks=(254210, 255720), tiers={'K3F': '考えてないよ, 別に . \x15254210_255720\x15', '%ort': 'kangaetenai yo „ betsu ni .'})",不明,0.5343705415725708,不明,0.5013165473937988,不明,0.4802112579345703
H3M,"Utterance(participant='H3M', tokens=[Token(word='でも将来結婚して公園行って私はここに座って息子とパパがキャッチボールして', pos=None, mor=None, gra=None), Token(word='...', pos=None, mor=None, gra=None)], time_marks=(255719, 262419), tiers={'H3M': 'でも将来結婚して公園行って私はここに座って息子とパパがキャッチボールして +... \x15255719_262419\x15', '%ort': 'demo shoorai kekkon shite kooen itte watashi wa koko ni suwatte musuko to papa to kyatchibooru shite +...'})",不明,0.49628931283950806,不明,0.45877987146377563,不明,0.4479774832725525
K3F,"Utterance(participant='K3F', tokens=[Token(word='ふうん', pos=None, mor=None, gra=None), Token(word='そんなの一緒にやる', pos=None, mor=None, gra=None), Token(word='.', pos=None, mor=None, gra=None)], time_marks=(262417, 264096), tiers={'K3F': 'ふうん@i そんなの一緒にやる . \x15262417_264096\x15', '%ort': '(fuu)n: sonna no issho ni yaru .'})",スペシャリスト,0.558963418006897,不明,0.45818114280700684,不明,0.4361751675605774
H3M,"Utterance(participant='H3M', tokens=[Token(word='えっ', pos=None, mor=None, gra=None), Token(word='?', pos=None, mor=None, gra=None)], time_marks=None, tiers={'H3M': 'えっ ?', '%ort': 'eq ?'})",スペシャリスト,0.5690123438835144,不明,0.5286648273468018,不明,0.4509686231613159
H3M,"Utterance(participant='H3M', tokens=[Token(word='そう言うのじゃん', pos=None, mor=None, gra=None), Token(word=',', pos=None, mor=None, gra=None), Token(word='普通に', pos=None, mor=None, gra=None), Token(word='.', pos=None, mor=None, gra=None)], time_marks=(264094, 266566), tiers={'H3M': 'そう言うのじゃん, 普通に . \x15264094_266566\x15', '%ort': 'sooiu no jan „ futsuu ni .'})",スペシャリスト,0.5680208206176758,不明,0.5408211946487427,不明,0.4903607964515686
H3M,"Utterance(participant='H3M', tokens=[Token(word='パパショボいじゃん', pos=None, mor=None, gra=None), Token(word='.', pos=None, mor=None, gra=None)], time_marks=(266565, 268361), tiers={'H3M': 'パパショボいじゃん . \x15266565_268361\x15', '%ort': 'papa shoboi jan .'})",スペシャリスト,0.5500829219818115,不明,0.5040248036384583,不明,0.3962714672088623
K3F,"Utterance(participant='K3F', tokens=[Token(word='どう', pos=None, mor=None, gra=None), Token(word='?', pos=None, mor=None, gra=None)], time_marks=None, tiers={'K3F': 'どう ?', '%ort': 'doo ?'})",スペシャリスト,0.5525733232498169,不明,0.5148303508758545,不明,0.4573059678077698
K3F,"Utterance(participant='K3F', tokens=[Token(word='ショボくない', pos=None, mor=None, gra=None), Token(word='.', pos=None, mor=None, gra=None)], time_marks=(268359, 269827), tiers={'K3F': 'ショボくない . \x15268359_269827\x15', '%ort': 'shoboku nai .'})",不明,0.5356131792068481,不明,0.48531588912010193,不明,0.42131364345550537
K3F,"Utterance(participant='K3F', tokens=[Token(word='条件言ったね', pos=None, mor=None, gra=None), Token(word='.', pos=None, mor=None, gra=None)], time_marks=None, tiers={'K3F': '条件言ったね .', '%ort': 'jooken itta ne .'})",スペシャリスト,0.5703948140144348,リソース探究者,0.5773612260818481,完遂者,0.5771518349647522
K3F,"Utterance(participant='K3F', tokens=[Token(word='ショボくない', pos=None, mor=None, gra=None), Token(word='.', pos=None, mor=None, gra=None)], time_marks=(269826, 272896), tiers={'K3F': 'ショボくない . \x15269826_272896\x15', '%ort': 'shoboku nai .'})",不明,0.5289808511734009,不明,0.4734951853752136,不明,0.4213578402996063
L3F,"Utterance(participant='L3F', tokens=[Token(word='ショボい人嫌', pos=None, mor=None, gra=None), Token(word='.', pos=None, mor=None, gra=None)], time_marks=(272895, 273804), tiers={'L3F': 'ショボい人嫌 . \x15272895_273804\x15', '%ort': 'shoboi hito iya: .'})",スペシャリスト,0.5578709244728088,不明,0.4892892837524414,不明,0.40520623326301575
H3M,"Utterance(participant='H3M', tokens=[Token(word='ショボいって何', pos=None, mor=None, gra=None), Token(word='?', pos=None, mor=None, gra=None)], time_marks=None, tiers={'H3M': 'ショボいって何 ?', '%ort': 'shoboi tte nani ?'})",スペシャリスト,0.5646531581878662,不明,0.5139358043670654,不明,0.46168774366378784
H3M,"Utterance(participant='H3M', tokens=[Token(word='どこまでがショボいの', pos=None, mor=None, gra=None), Token(word='?', pos=None, mor=None, gra=None)], time_marks=(273802, 276104), tiers={'H3M': 'どこまでがショボいの ? \x15273802_276104\x15', '%ort': 'doko made shoboi no ?'})",スペシャリスト,0.5669692754745483,不明,0.49406740069389343,不明,0.4094604253768921
L3F,"Utterance(participant='L3F', tokens=[Token(word='何かこの人小ちゃいなあって思う人が', pos=None, mor=None, gra=None), Token(word='...', pos=None, mor=None, gra=None)], time_marks=(276102, 279310), tiers={'L3F': '何かこの人小ちゃいなあって思う人が +... \x15276102_279310\x15', '%ort': 'nanka kono hito chitchai naa tte omou hito ga +...'})",不明,0.5363925695419312,不明,0.4909515082836151,不明,0.44109687209129333
K3F,"Utterance(participant='K3F', tokens=[Token(word='背じゃない', pos=None, mor=None, gra=None), Token(word='.', pos=None, mor=None, gra=None)], time_marks=(279308, 280811), tiers={'K3F': '<背じゃない> [/] 背じゃない . \x15279308_280811\x15', '%ort': '<se janai> [/] se janai .'})",不明,0.531808614730835,不明,0.493277907371521,不明,0.4586777687072754
H3M,"Utterance(participant='H3M', tokens=[Token(word='良い', pos=None, mor=None, gra=None), Token(word='.', pos=None, mor=None, gra=None)], time_marks=None, tiers={'H3M': '良い .', '%ort': 'ii .'})",スペシャリスト,0.5598248243331909,不明,0.5011454820632935,不明,0.4558376669883728
H3M,"Utterance(participant='H3M', tokens=[Token(word='そんなフォロー要らないって', pos=None, mor=None, gra=None), Token(word='.', pos=None, mor=None, gra=None)], time_marks=None, tiers={'H3M': 'そんなフォロー要らないって .', '%ort': 'sonna foroo iran [: iranai] tte .'})",不明,0.5142903327941895,不明,0.4997901916503906,不明,0.4528730511665344
H3M,"Utterance(participant='H3M', tokens=[Token(word='みんな分かってるよ', pos=None, mor=None, gra=None), Token(word='.', pos=None, mor=None, gra=None)], time_marks=None, tiers={'H3M': 'みんな分かってるよ .', '%ort': 'minna wakatteru yo .'})",不明,0.5404341816902161,不明,0.4833148121833801,不明,0.4590016007423401
H3M,"Utterance(participant='H3M', tokens=[Token(word='みんな分かってるよ', pos=None, mor=None, gra=None), Token(word='.', pos=None, mor=None, gra=None)], time_marks=(280810, 285278), tiers={'H3M': '&=laugh みんな分かってるよ . \x15280810_285278\x15', '%ort': '&=laugh minna wakatteru yo .'})",不明,0.5314216613769531,不明,0.4849955439567566,不明,0.4024756848812103
G3M,"Utterance(participant='G3M', tokens=[Token(word='ショボいね', pos=None, mor=None, gra=None), Token(word='.', pos=None, mor=None, gra=None)], time_marks=(285276, 289849), tiers={'G3M': 'ショボいね . \x15285276_289849\x15', '%ort': 'shoboi ne: .'})",不明,0.5362969636917114,不明,0.4911079406738281,不明,0.38745492696762085
H3M,"Utterance(participant='H3M', tokens=[Token(word='ケチとか', pos=None, mor=None, gra=None), Token(word='?', pos=None, mor=None, gra=None)], time_marks=(288952, 290577), tiers={'H3M': 'ケチとか ? \x15288952_290577\x15', '%ort': 'kechi toka ?'})",スペシャリスト,0.5626306533813477,不明,0.5019285678863525,不明,0.4132748544216156
K3F,"Utterance(participant='K3F', tokens=[Token(word='あっケチ嫌だね', pos=None, mor=None, gra=None), Token(word='.', pos=None, mor=None, gra=None)], time_marks=(289987, 292044), tiers={'K3F': 'あっケチ嫌だね . \x15289987_292044\x15', '%ort': 'aq kechi (i)ya da ne: .'})",不明,0.5442510843276978,不明,0.49581146240234375,不明,0.421461284160614
L3F,"Utterance(participant='L3F', tokens=[Token(word='ケチ嫌だね', pos=None, mor=None, gra=None), Token(word='.', pos=None, mor=None, gra=None)], time_marks=(289987, 292043), tiers={'L3F': 'ケチ嫌だね . \x15289987_292043\x15', '%ort': 'kechi (i)ya da ne: .'})",不明,0.5122255086898804,不明,0.45924249291419983,不明,0.419222354888916
G3M,"Utterance(participant='G3M', tokens=[Token(word='結局金', pos=None, mor=None, gra=None), Token(word='?', pos=None, mor=None, gra=None)], time_marks=(292041, 294384), tiers={'G3M': '結局金 ? \x15292041_294384\x15', '%ort': 'kekkyoku kane ?'})",不明,0.5454127788543701,不明,0.45140817761421204,不明,0.4018916189670563
H3M,"Utterance(participant='H3M', tokens=[Token(word='結局でしょう', pos=None, mor=None, gra=None), Token(word=',', pos=None, mor=None, gra=None), Token(word='そんなの', pos=None, mor=None, gra=None), Token(word='.', pos=None, mor=None, gra=None)], time_marks=(294383, 298989), tiers={'H3M': '結局でしょう, そんなの . \x15294383_298989\x15', '%ort': 'kekkyoku desho(o) „ sonna no .'})",スペシャリスト,0.5602377653121948,不明,0.5327551960945129,不明,0.4770270884037018
L3F,"Utterance(participant='L3F', tokens=[Token(word='お金は大事だと思う', pos=None, mor=None, gra=None), Token(word='.', pos=None, mor=None, gra=None)], time_marks=(294383, 298989), tiers={'L3F': 'お金は大事だと思う . \x15294383_298989\x15', '%ort': 'okane wa daiji da to omou .'})",スペシャリスト,0.5692787766456604,不明,0.4915686547756195,不明,0.44793424010276794
K3F,"Utterance(participant='K3F', tokens=[Token(word='全部結局って言う', pos=None, mor=None, gra=None), Token(word=',', pos=None, mor=None, gra=None), Token(word='何言っても', pos=None, mor=None, gra=None), Token(word='.', pos=None, mor=None, gra=None)], time_marks=(294383, 298989), tiers={'K3F': '全部結局って言う, 何言っても . \x15294383_298989\x15', '%ort': 'zembu kekkyoku tte iu „ nani yutte mo .'})",スペシャリスト,0.5758033990859985,リソース探究者,0.554652214050293,完遂者,0.5693310499191284
L3F,"Utterance(participant='L3F', tokens=[Token(word='お金も大事だよね', pos=None, mor=None, gra=None), Token(word='.', pos=None, mor=None, gra=None)], time_marks=(298987, 301295), tiers={'L3F': 'お金も大事だよね . \x15298987_301295\x15', '%ort': 'okane mo daiji da yo ne .'})",スペシャリスト,0.5674964785575867,不明,0.4808579683303833,不明,0.4065340459346771
K3F,"Utterance(participant='K3F', tokens=[Token(word='うん', pos=None, mor=None, gra=None), Token(word='.', pos=None, mor=None, gra=None)], time_marks=(298987, 301295), tiers={'K3F': 'うん . \x15298987_301295\x15', '%ort': 'un .'})",不明,0.534337043762207,不明,0.4897436797618866,不明,0.41813796758651733
K3F,"Utterance(participant='K3F', tokens=[Token(word='それは大事でしょう', pos=None, mor=None, gra=None), Token(word='.', pos=None, mor=None, gra=None)], time_marks=(301294, 306800), tiers={'K3F': 'それは大事でしょう . \x15301294_306800\x15', '%ort': 'sorya [: sore wa] daiji desho(o) .'})",スペシャリスト,0.6093636751174927,不明,0.5111364722251892,不明,0.45388686656951904
L3F,"Utterance(participant='L3F', tokens=[Token(word='結婚するそれは付き合うんだったら別に良いけど結婚するのならお金は大事だよ', pos=None, mor=None, gra=None), Token(word='.', pos=None, mor=None, gra=None)], time_marks=(301294, 306800), tiers={'L3F': '結婚するそれは付き合うんだったら別に良いけど結婚するのならお金は大事だよ . \x15301294_306800\x15', '%ort': 'kekkon suru sorya [: sore wa] tsukiau n dattara betsu ni ii kedo kekkon suru n(o) nara okane wa daiji da yo .'})",スペシャリスト,0.579439103603363,不明,0.5061560869216919,不明,0.4942989647388458
G3M,"Utterance(participant='G3M', tokens=[Token(word='年収', pos=None, mor=None, gra=None), Token(word='.', pos=None, mor=None, gra=None)], time_marks=(306798, 308398), tiers={'G3M': '年収 . \x15306798_308398\x15', '%ort': 'nenshuu .'})",不明,0.5002045631408691,不明,0.4711979627609253,不明,0.3947522044181824
L3F,"Utterance(participant='L3F', tokens=[Token(word='うん', pos=None, mor=None, gra=None), Token(word='.', pos=None, mor=None, gra=None)], time_marks=(306798, 308398), tiers={'L3F': 'うん . \x15306798_308398\x15', '%ort': 'un .'})",不明,0.5161029696464539,不明,0.4869876205921173,不明,0.41687530279159546
L3F,"Utterance(participant='L3F', tokens=[Token(word='大事', pos=None, mor=None, gra=None), Token(word='.', pos=None, mor=None, gra=None)], time_marks=None, tiers={'L3F': '大事 .', '%ort': 'daiji .'})",スペシャリスト,0.5896875858306885,不明,0.5373867750167847,不明,0.48676684498786926
K3F,"Utterance(participant='K3F', tokens=[Token(word='それは大事でしょう', pos=None, mor=None, gra=None), Token(word='.', pos=None, mor=None, gra=None)], time_marks=None, tiers={'K3F': 'それは大事でしょう .', '%ort': 'sorya [: sore wa] daiji desho(o) .'})",スペシャリスト,0.6175839900970459,不明,0.5217841863632202,不明,0.4755609333515167
K3F,"Utterance(participant='K3F', tokens=[Token(word='無いよりはあった方が良いじゃんね', pos=None, mor=None, gra=None), Token(word='.', pos=None, mor=None, gra=None)], time_marks=None, tiers={'K3F': '無いよりはあった方が良いじゃんね .', '%ort': 'nai yori wa atta hoo ga ii jan ne .'})",不明,0.5309387445449829,不明,0.4987323582172394,不明,0.42739126086235046
L3F,"Utterance(participant='L3F', tokens=[Token(word='うん', pos=None, mor=None, gra=None), Token(word='.', pos=None, mor=None, gra=None)], time_marks=(308398, 312732), tiers={'L3F': 'うん . \x15308398_312732\x15', '%ort': 'un .'})",不明,0.521452009677887,不明,0.49600473046302795,不明,0.41193366050720215
L3F,"Utterance(participant='L3F', tokens=[Token(word='だって生活出来なきゃ困るもんね', pos=None, mor=None, gra=None), Token(word='.', pos=None, mor=None, gra=None)], time_marks=(312731, 315780), tiers={'L3F': 'だって生活出来なきゃ困るもんね . \x15312731_315780\x15', '%ort': 'datte seekatsu dekinakya komaru mon ne .'})",スペシャリスト,0.5668818950653076,不明,0.5120508670806885,不明,0.47878164052963257
K3F,"Utterance(participant='K3F', tokens=[Token(word='うん', pos=None, mor=None, gra=None), Token(word='.', pos=None, mor=None, gra=None)], time_marks=(312731, 315780), tiers={'K3F': 'うん . \x15312731_315780\x15', '%ort': 'un .'})",スペシャリスト,0.5553027391433716,不明,0.5196264982223511,不明,0.44730156660079956
G3M,"Utterance(participant='G3M', tokens=[Token(word='じゃでも普通の生活が出来れば良いか裕福な暮らしが', pos=None, mor=None, gra=None), Token(word='...', pos=None, mor=None, gra=None)], time_marks=(315779, 319867), tiers={'G3M': 'じゃでも普通の生活が出来れば良いか裕福な暮らしが +... \x15315779_319867\x15', '%ort': 'ja: demo futsuu no seekatsu ga dekireba ii ka yuufuku na kurashi ga +...'})",スペシャリスト,0.5779725313186646,不明,0.506026029586792,不明,0.4999934434890747
L3F,"Utterance(participant='L3F', tokens=[Token(word='ちょっと余裕がある方が良いなあ', pos=None, mor=None, gra=None), Token(word='.', pos=None, mor=None, gra=None)], time_marks=(319866, 322720), tiers={'L3F': 'ちょっと余裕がある方が良いなあ . \x15319866_322720\x15', '%ort': 'chotto yoyuu ga aru hoo ga ii naa .'})",不明,0.5420054197311401,不明,0.5023611187934875,不明,0.45480120182037354
ALL,"Utterance(participant='ALL', tokens=[Token(word='.', pos=None, mor=None, gra=None)], time_marks=(319866, 322720), tiers={'ALL': '&=laugh . \x15319866_322720\x15', '%ort': '&=laugh .'})",不明,0.5257762670516968,不明,0.4905683100223541,不明,0.4205518960952759
K3F,"Utterance(participant='K3F', tokens=[Token(word='遊離は嫌だ', pos=None, mor=None, gra=None), Token(word='.', pos=None, mor=None, gra=None)], time_marks=(322719, 324384), tiers={'K3F': '遊離は嫌だ . \x15322719_324384\x15', '%ort': 'yuuri [?] wa (i)ya da .'})",不明,0.5007232427597046,不明,0.48570358753204346,不明,0.4499814808368683
L3F,"Utterance(participant='L3F', tokens=[Token(word='嫌だ', pos=None, mor=None, gra=None), Token(word='.', pos=None, mor=None, gra=None)], time_marks=(322719, 324384), tiers={'L3F': '嫌だ . \x15322719_324384\x15', '%ort': '(i)ya da .'})",不明,0.5153471827507019,不明,0.4894992709159851,不明,0.41401398181915283
L3F,"Utterance(participant='L3F', tokens=[Token(word='何か今月どうしようみたいなのを言いたくない', pos=None, mor=None, gra=None), Token(word='.', pos=None, mor=None, gra=None)], time_marks=(324383, 328055), tiers={'L3F': '何か今月どうしようみたいなのを言いたくない . \x15324383_328055\x15', '%ort': 'nanka kongetsu doo shiyoo mitai na no o iitaku nai .'})",不明,0.5311497449874878,不明,0.4961927533149719,不明,0.4602065086364746
K3F,"Utterance(participant='K3F', tokens=[Token(word='言いたくない', pos=None, mor=None, gra=None), Token(word='.', pos=None, mor=None, gra=None)], time_marks=(324383, 328055), tiers={'K3F': '言いたくない . \x15324383_328055\x15', '%ort': 'iitaku nai .'})",不明,0.5321975946426392,不明,0.5090326070785522,不明,0.47045618295669556
G3M,"Utterance(participant='G3M', tokens=[Token(word='ほう', pos=None, mor=None, gra=None), Token(word='へえ', pos=None, mor=None, gra=None), Token(word='.', pos=None, mor=None, gra=None)], time_marks=(328054, 335060), tiers={'G3M': '&=laugh ほう@i へえ@i . \x15328054_335060\x15', '%ort': '&=laugh hoo@i hee .'})",スペシャリスト,0.5554654598236084,不明,0.5348458290100098,不明,0.4518049359321594
H3M,"Utterance(participant='H3M', tokens=[Token(word='良いとこ育ちだからね', pos=None, mor=None, gra=None), Token(word='.', pos=None, mor=None, gra=None)], time_marks=(335058, 337018), tiers={'H3M': '良いとこ育ちだからね . \x15335058_337018\x15', '%ort': 'maa ii toko sodachi da yo ne .'})",スペシャリスト,0.5544302463531494,不明,0.47614461183547974,不明,0.4037106931209564
G3M,"Utterance(participant='G3M', tokens=[Token(word='まあね', pos=None, mor=None, gra=None), Token(word='.', pos=None, mor=None, gra=None)], time_marks=(335058, 337018), tiers={'G3M': 'まあね . \x15335058_337018\x15', '%ort': 'maa ne .'})",不明,0.5053730010986328,不明,0.4791496694087982,不明,0.3932502865791321
L3F,"Utterance(participant='L3F', tokens=[Token(word='知らない癖にね', pos=None, mor=None, gra=None), Token(word='.', pos=None, mor=None, gra=None)], time_marks=None, tiers={'L3F': '知らない癖にね .', '%ort': 'shiranai kuse ni ne: .'})",スペシャリスト,0.5682823657989502,不明,0.5219894647598267,不明,0.4961451292037964
K3F,"Utterance(participant='K3F', tokens=[Token(word='うん', pos=None, mor=None, gra=None), Token(word='.', pos=None, mor=None, gra=None)], time_marks=None, tiers={'K3F': 'うん .', '%ort': 'un .'})",スペシャリスト,0.5543484091758728,不明,0.5077000856399536,不明,0.45156756043434143
G3M,"Utterance(participant='G3M', tokens=[Token(word='何が', pos=None, mor=None, gra=None), Token(word='?', pos=None, mor=None, gra=None)], time_marks=None, tiers={'G3M': '何が ?', '%ort': 'nani ga ?'})",不明,0.5255385637283325,不明,0.4900280833244324,不明,0.4467012286186218
K3F,"Utterance(participant='K3F', tokens=[Token(word='ううん', pos=None, mor=None, gra=None), Token(word='.', pos=None, mor=None, gra=None)], time_marks=(337018, 343003), tiers={'K3F': 'ううん@i . \x15337018_343003\x15', '%ort': 'uun .'})",不明,0.5368106365203857,不明,0.48638421297073364,不明,0.41429436206817627
H3M,"Utterance(participant='H3M', tokens=[Token(word='何があった', pos=None, mor=None, gra=None), Token(word='?', pos=None, mor=None, gra=None)], time_marks=None, tiers={'H3M': '何があった ?', '%ort': 'nani ga atta ?'})",スペシャリスト,0.5506261587142944,不明,0.4980713725090027,不明,0.42502713203430176
G3M,"Utterance(participant='G3M', tokens=[Token(word='何があった', pos=None, mor=None, gra=None), Token(word='?', pos=None, mor=None, gra=None)], time_marks=None, tiers={'G3M': '何があった ?', '%ort': 'nani ga atta ?'})",不明,0.5183458924293518,不明,0.4818195402622223,不明,0.428042471408844
H3M,"Utterance(participant='H3M', tokens=[Token(word='何があった', pos=None, mor=None, gra=None), Token(word='?', pos=None, mor=None, gra=None)], time_marks=None, tiers={'H3M': '何があった ?', '%ort': 'nani ga atta ?'})",スペシャリスト,0.5506261587142944,不明,0.4980713725090027,不明,0.42502713203430176
H3M,"Utterance(participant='H3M', tokens=[Token(word='うん', pos=None, mor=None, gra=None), Token(word='?', pos=None, mor=None, gra=None)], time_marks=(343002, 347610), tiers={'H3M': 'うん ? \x15343002_347610\x15', '%ort': 'n ?'})",不明,0.4996294677257538,不明,0.48918336629867554,不明,0.3830111622810364
K3F,"Utterance(participant='K3F', tokens=[Token(word='何', pos=None, mor=None, gra=None), Token(word='?', pos=None, mor=None, gra=None)], time_marks=(347609, 350342), tiers={'K3F': '何 ? \x15347609_350342\x15', '%ort': 'nani: ?'})",不明,0.5229936838150024,不明,0.4954584836959839,不明,0.4510801136493683
L3F,"Utterance(participant='L3F', tokens=[Token(word='知らない', pos=None, mor=None, gra=None), Token(word='.', pos=None, mor=None, gra=None)], time_marks=(347609, 350342), tiers={'L3F': '知らない . \x15347609_350342\x15', '%ort': 'shirana:i .'})",不明,0.49861782789230347,不明,0.48522868752479553,不明,0.41965794563293457
H3M,"Utterance(participant='H3M', tokens=[Token(word='俺も知らない', pos=None, mor=None, gra=None), Token(word='.', pos=None, mor=None, gra=None)], time_marks=(350341, 353303), tiers={'H3M': '俺も知らない . \x15350341_353303\x15', '%ort': 'ore mo shiranai .'})",不明,0.4948602020740509,不明,0.47692906856536865,不明,0.41381654143333435
K3F,"Utterance(participant='K3F', tokens=[Token(word='あと何だろうね', pos=None, mor=None, gra=None), Token(word='?', pos=None, mor=None, gra=None)], time_marks=None, tiers={'K3F': 'あと何だろうね ?', '%ort': 'ato nan daroo ne ?'})",不明,0.5413461923599243,不明,0.5080742835998535,不明,0.4804154634475708
L3F,"Utterance(participant='L3F', tokens=[Token(word='あと何だろうね', pos=None, mor=None, gra=None), Token(word='?', pos=None, mor=None, gra=None)], time_marks=None, tiers={'L3F': 'あと何だろうね ?', '%ort': 'ato nan daroo ne ?'})",不明,0.5264668464660645,不明,0.5058109164237976,不明,0.4742128849029541
L3F,"Utterance(participant='L3F', tokens=[Token(word='あとは', pos=None, mor=None, gra=None), Token(word='...', pos=None, mor=None, gra=None)], time_marks=None, tiers={'L3F': 'あとは +...', '%ort': 'ato wa +...'})",不明,0.5246739387512207,不明,0.522502064704895,不明,0.5130359530448914
H3M,"Utterance(participant='H3M', tokens=[Token(word='何', pos=None, mor=None, gra=None), Token(word='?', pos=None, mor=None, gra=None)], time_marks=(353302, 362859), tiers={'H3M': '何 ? \x15353302_362859\x15', '%ort': 'nani ?'})",不明,0.5227701663970947,不明,0.49356597661972046,不明,0.43133485317230225
L3F,"Utterance(participant='L3F', tokens=[Token(word='あと何', pos=None, mor=None, gra=None), Token(word='?', pos=None, mor=None, gra=None)], time_marks=None, tiers={'L3F': 'あと何 ?', '%ort': 'ato nani: ?'})",不明,0.5269150733947754,不明,0.5141290426254272,不明,0.5360178351402283
L3F,"Utterance(participant='L3F', tokens=[Token(word='あと性格', pos=None, mor=None, gra=None), Token(word='.', pos=None, mor=None, gra=None)], time_marks=(361653, 368894), tiers={'L3F': 'あと性格 . \x15361653_368894\x15', '%ort': 'ato seekaku .'})",不明,0.5267963409423828,不明,0.5201773047447205,不明,0.4920302927494049
G3M,"Utterance(participant='G3M', tokens=[Token(word='うん', pos=None, mor=None, gra=None), Token(word='.', pos=None, mor=None, gra=None)], time_marks=(361653, 368894), tiers={'G3M': 'うん . \x15361653_368894\x15', '%ort': 'un .'})",不明,0.5121258497238159,不明,0.48145678639411926,不明,0.40120282769203186
G3M,"Utterance(participant='G3M', tokens=[Token(word='うん', pos=None, mor=None, gra=None), Token(word='.', pos=None, mor=None, gra=None)], time_marks=None, tiers={'G3M': 'うん .', '%ort': 'un .'})",不明,0.5304123759269714,不明,0.4979885518550873,不明,0.43242180347442627
H3M,"Utterance(participant='H3M', tokens=[Token(word='優しさでしょう', pos=None, mor=None, gra=None), Token(word='.', pos=None, mor=None, gra=None)], time_marks=None, tiers={'H3M': '優しさでしょう .', '%ort': 'yasashisa desho(o) .'})",スペシャリスト,0.5797746181488037,不明,0.48838382959365845,不明,0.41988176107406616
L3F,"Utterance(participant='L3F', tokens=[Token(word='優しさが大事', pos=None, mor=None, gra=None), Token(word='.', pos=None, mor=None, gra=None)], time_marks=None, tiers={'L3F': '優しさが大事 .', '%ort': 'yasashisa ga daiji .'})",スペシャリスト,0.6117491126060486,不明,0.5024812817573547,不明,0.47294729948043823
H3M,"Utterance(participant='H3M', tokens=[Token(word='優しさは必要だよね', pos=None, mor=None, gra=None), Token(word='.', pos=None, mor=None, gra=None)], time_marks=None, tiers={'H3M': '優しさは必要だよね .', '%ort': 'yasashisa wa hitsuyoo da yo ne .'})",スペシャリスト,0.5889794826507568,不明,0.5214479565620422,不明,0.4795176386833191
L3F,"Utterance(participant='L3F', tokens=[Token(word='思いやりも大事', pos=None, mor=None, gra=None), Token(word='.', pos=None, mor=None, gra=None)], time_marks=None, tiers={'L3F': '思いやりも大事 .', '%ort': 'omoiyari mo daiji .'})",スペシャリスト,0.5926721096038818,不明,0.512550413608551,不明,0.46868088841438293
G3M,"Utterance(participant='G3M', tokens=[Token(word='うん', pos=None, mor=None, gra=None), Token(word='.', pos=None, mor=None, gra=None)], time_marks=None, tiers={'G3M': '&=laugh うん .', '%ort': '&=laugh un .'})",不明,0.5248770713806152,不明,0.49785104393959045,不明,0.4344905614852905
L3F,"Utterance(participant='L3F', tokens=[Token(word='あとは', pos=None, mor=None, gra=None), Token(word='?', pos=None, mor=None, gra=None)], time_marks=None, tiers={'L3F': 'あとは ?', '%ort': 'ato wa: ?'})",不明,0.5156377553939819,不明,0.516762375831604,不明,0.5345897078514099
G3M,"Utterance(participant='G3M', tokens=[Token(word='何が', pos=None, mor=None, gra=None), Token(word='?', pos=None, mor=None, gra=None)], time_marks=(373470, 384911), tiers={'G3M': '何が ? \x15373470_384911\x15', '%ort': 'nani ga ?'})",不明,0.506473183631897,不明,0.47098058462142944,不明,0.40512770414352417
H3M,"Utterance(participant='H3M', tokens=[Token(word='服装とか言ってたよね', pos=None, mor=None, gra=None), Token(word='.', pos=None, mor=None, gra=None)], time_marks=(384910, 392552), tiers={'H3M': '服装とか言ってたよね . \x15384910_392552\x15', '%ort': 'fukusoo toka yuttotta [: itteta] yo ne .'})",不明,0.529586136341095,不明,0.5025953054428101,不明,0.44813087582588196
G3M,"Utterance(participant='G3M', tokens=[Token(word='あっ言ってたね', pos=None, mor=None, gra=None), Token(word=',', pos=None, mor=None, gra=None), Token(word='俺ら', pos=None, mor=None, gra=None), Token(word='.', pos=None, mor=None, gra=None)], time_marks=(384910, 392552), tiers={'G3M': 'あっ言ってたね, 俺ら . \x15384910_392552\x15', '%ort': 'a: yuttotta [: itteta] ne „ orera .'})",不明,0.5267329216003418,不明,0.5306371450424194,不明,0.4809153974056244
K3F,"Utterance(participant='K3F', tokens=[Token(word='あっ要るね', pos=None, mor=None, gra=None), Token(word='.', pos=None, mor=None, gra=None)], time_marks=(384910, 392552), tiers={'K3F': 'あっ要るね . \x15384910_392552\x15', '%ort': 'a: iru ne .'})",スペシャリスト,0.5652583241462708,不明,0.5239118337631226,不明,0.446760892868042
G3M,"Utterance(participant='G3M', tokens=[Token(word='言ってた', pos=None, mor=None, gra=None), Token(word='.', pos=None, mor=None, gra=None)], time_marks=(392551, 396127), tiers={'G3M': '<言ってた> [/] 言ってた . \x15392551_396127\x15', '%ort': '<yuttotta> [/] yuttotta [: itteta] .'})",不明,0.5315389633178711,不明,0.5339062213897705,不明,0.49289968609809875
G3M,"Utterance(participant='G3M', tokens=[Token(word='そこ結構熱く語ってたね', pos=None, mor=None, gra=None), Token(word='.', pos=None, mor=None, gra=None)], time_marks=None, tiers={'G3M': 'そこ結構熱く語ってたね .', '%ort': 'soko kekkoo atsuku katattotta [: katatteta] .'})",スペシャリスト,0.5941034555435181,不明,0.5485906600952148,不明,0.507307767868042
H3M,"Utterance(participant='H3M', tokens=[Token(word='うん', pos=None, mor=None, gra=None), Token(word='.', pos=None, mor=None, gra=None)], time_marks=(392551, 396127), tiers={'H3M': 'うん . \x15392551_396127\x15', '%ort': 'un .'})",不明,0.5483953356742859,不明,0.507081925868988,不明,0.4079914093017578
L3F,"Utterance(participant='L3F', tokens=[Token(word='あと', pos=None, mor=None, gra=None), Token(word='?', pos=None, mor=None, gra=None)], time_marks=(396126, 398931), tiers={'L3F': 'あと ? \x15396126_398931\x15', '%ort': 'ato: ?'})",不明,0.4923936724662781,不明,0.5090475082397461,不明,0.49589478969573975
K3F,"Utterance(participant='K3F', tokens=[Token(word='オシャレが良いよね', pos=None, mor=None, gra=None), Token(word='.', pos=None, mor=None, gra=None)], time_marks=(396126, 398931), tiers={'K3F': 'オシャレが良いよね . \x15396126_398931\x15', '%ort': 'oshare ga ii yo ne .'})",スペシャリスト,0.5541831254959106,不明,0.48394519090652466,不明,0.41939058899879456
G3M,"Utterance(participant='G3M', tokens=[Token(word='えっ', pos=None, mor=None, gra=None), Token(word='?', pos=None, mor=None, gra=None)], time_marks=None, tiers={'G3M': 'えっ ?', '%ort': 'eq ?'})",不明,0.5417236089706421,不明,0.5133545994758606,不明,0.45704320073127747
K3F,"Utterance(participant='K3F', tokens=[Token(word='オシャレな人が良いよね', pos=None, mor=None, gra=None), Token(word='.', pos=None, mor=None, gra=None)], time_marks=None, tiers={'K3F': 'オシャレな人が良いよね .', '%ort': 'oshare na hito ga ii yo ne .'})",不明,0.5421018004417419,不明,0.46595898270606995,不明,0.42991313338279724
L3F,"Utterance(participant='L3F', tokens=[Token(word='どう言う服装', pos=None, mor=None, gra=None), Token(word='?', pos=None, mor=None, gra=None)], time_marks=None, tiers={'L3F': 'どう言う服装 ?', '%ort': 'dooiu fukusoo ?'})",スペシャリスト,0.5510488748550415,不明,0.538512110710144,不明,0.47612321376800537
G3M,"Utterance(participant='G3M', tokens=[Token(word='あっでもオシャレってさ人によってさ違うじゃん', pos=None, mor=None, gra=None), Token(word='.', pos=None, mor=None, gra=None)], time_marks=None, tiers={'G3M': 'あっでもオシャレってさ人によってさ違うじゃん .', '%ort': 'a: demo oshare tte sa hito ni yotte sa chigau jan .'})",不明,0.5165214538574219,不明,0.4857667088508606,不明,0.4281938970088959
L3F,"Utterance(participant='L3F', tokens=[Token(word='人によって違うもんね', pos=None, mor=None, gra=None), Token(word='.', pos=None, mor=None, gra=None)], time_marks=None, tiers={'L3F': '人によって違うもんね .', '%ort': 'hito ni yotte chigau mon ne .'})",スペシャリスト,0.5514321327209473,不明,0.47428032755851746,不明,0.4911477565765381
H3M,"Utterance(participant='H3M', tokens=[Token(word='うん', pos=None, mor=None, gra=None), Token(word='.', pos=None, mor=None, gra=None)], time_marks=(398289, 407902), tiers={'H3M': 'うん . \x15398289_407902\x15', '%ort': 'un .'})",不明,0.5427594184875488,不明,0.49251657724380493,不明,0.39937421679496765
G3M,"Utterance(participant='G3M', tokens=[Token(word='続かないの', pos=None, mor=None, gra=None), Token(word='?', pos=None, mor=None, gra=None)], time_marks=(407900, 412705), tiers={'G3M': '続かないの ? \x15407900_412705\x15', '%ort': 'tsuzukanai no ?'})",スペシャリスト,0.5514835119247437,不明,0.46551990509033203,不明,0.44454532861709595
L3F,"Utterance(participant='L3F', tokens=[Token(word='.', pos=None, mor=None, gra=None)], time_marks=(407900, 412705), tiers={'L3F': '&=laugh . \x15407900_412705\x15', '%ort': '&=laugh .'})",不明,0.5208187699317932,不明,0.4275732636451721,不明,0.38617488741874695
L3F,"Utterance(participant='L3F', tokens=[Token(word='どう言う服装', pos=None, mor=None, gra=None), Token(word='で良いの', pos=None, mor=None, gra=None), Token(word='?', pos=None, mor=None, gra=None)], time_marks=None, tiers={'L3F': 'どう言う服装 <が好きなの> [//] で良いの ?', '%ort': 'dooiu fukusoo <ga suki na no> [//] de ii no ?'})",スペシャリスト,0.5649081468582153,不明,0.5194282531738281,不明,0.5074297785758972
H3M,"Utterance(participant='H3M', tokens=[Token(word='ジャニーズみたいな服装が良いの', pos=None, mor=None, gra=None), Token(word='?', pos=None, mor=None, gra=None)], time_marks=None, tiers={'H3M': '&+ジャニ ジャニーズみたいな服装が良いの ?', '%ort': '&+jani Janiizu mitai na fukusoo ga ii no ?'})",不明,0.5494701862335205,不明,0.4929364323616028,不明,0.4395550787448883
K3F,"Utterance(participant='K3F', tokens=[Token(word='どんな服装', pos=None, mor=None, gra=None), Token(word='?', pos=None, mor=None, gra=None)], time_marks=None, tiers={'K3F': 'どんな服装 ?', '%ort': 'donna fukusoo ?'})",スペシャリスト,0.5700105428695679,不明,0.5057538747787476,不明,0.42426007986068726
K3F,"Utterance(participant='K3F', tokens=[Token(word='キラキラ', pos=None, mor=None, gra=None), Token(word='?', pos=None, mor=None, gra=None)], time_marks=None, tiers={'K3F': 'キラキラ@o ?', '%ort': 'kirakira ?'})",スペシャリスト,0.558705747127533,不明,0.46243274211883545,不明,0.42954355478286743
G3M,"Utterance(participant='G3M', tokens=[Token(word='ジャニーズの服装って', pos=None, mor=None, gra=None), Token(word='.', pos=None, mor=None, gra=None)], time_marks=None, tiers={'G3M': 'ジャニーズの服装って .', '%ort': 'Janiizu no fukusoo tte .'})",不明,0.5256465673446655,不明,0.5071046352386475,不明,0.4189322590827942
L3F,"Utterance(participant='L3F', tokens=[Token(word='ゴージャス', pos=None, mor=None, gra=None), Token(word='?', pos=None, mor=None, gra=None)], time_marks=None, tiers={'L3F': 'ゴージャス ?', '%ort': 'goojasu ?'})",スペシャリスト,0.56377774477005,不明,0.49670979380607605,不明,0.463566392660141
L3F,"Utterance(participant='L3F', tokens=[Token(word='そんなの嫌だ', pos=None, mor=None, gra=None), Token(word='.', pos=None, mor=None, gra=None)], time_marks=(412704, 424981), tiers={'L3F': 'そんなの嫌だ . \x15412704_424981\x15', '%ort': 'sonna no (i)ya da: .'})",不明,0.41988271474838257,不明,0.3694779574871063,不明,0.35762929916381836
H3M,"Utterance(participant='H3M', tokens=[Token(word='じゃ', pos=None, mor=None, gra=None), Token(word='K', pos=None, mor=None, gra=None), Token(word='が何でジャニオタになったかって言う経緯を赤裸に', pos=None, mor=None, gra=None), Token(word='.', pos=None, mor=None, gra=None)], time_marks=(424980, 440638), tiers={'H3M': 'じゃ K [= K3Fの名前] が何でジャニオタになったかって言う経緯を赤裸に . \x15424980_440638\x15', '%ort': 'ja: K [= K3F] ga nande Janiota ni natta ka tte iu keei o akahadaka ni .'})",不明,0.515421986579895,不明,0.4924895167350769,不明,0.49070751667022705
K3F,"Utterance(participant='K3F', tokens=[Token(word='嫌だよ', pos=None, mor=None, gra=None), Token(word=',', pos=None, mor=None, gra=None), Token(word='そんなの', pos=None, mor=None, gra=None), Token(word='.', pos=None, mor=None, gra=None)], time_marks=None, tiers={'K3F': '嫌だよ, そんなの .', '%ort': 'iya da yo „ sonna n(o) .'})",不明,0.4979938864707947,不明,0.4714398980140686,不明,0.44705677032470703
H3M,"Utterance(participant='H3M', tokens=[Token(word='いつから', pos=None, mor=None, gra=None), Token(word='?', pos=None, mor=None, gra=None)], time_marks=None, tiers={'H3M': '<いつから> [/] いつから ?', '%ort': '<itsu kara> [/] itsu kara ?'})",不明,0.527336835861206,不明,0.4681987762451172,不明,0.47547590732574463
H3M,"Utterance(participant='H3M', tokens=[Token(word='超マジで', pos=None, mor=None, gra=None), Token(word='.', pos=None, mor=None, gra=None)], time_marks=None, tiers={'H3M': '超マジで .', '%ort': 'choomaji de .'})",スペシャリスト,0.569193959236145,不明,0.5054645538330078,不明,0.41738682985305786
K3F,"Utterance(participant='K3F', tokens=[Token(word='知らない', pos=None, mor=None, gra=None), Token(word='.', pos=None, mor=None, gra=None)], time_marks=None, tiers={'K3F': '知らない .', '%ort': 'shiranai .'})",不明,0.5328645706176758,不明,0.49959778785705566,不明,0.455402135848999
K3F,"Utterance(participant='K3F', tokens=[Token(word='関係ない', pos=None, mor=None, gra=None), Token(word='.', pos=None, mor=None, gra=None)], time_marks=None, tiers={'K3F': '関係ない .', '%ort': 'kankee nai .'})",不明,0.4794944226741791,不明,0.4579983353614807,不明,0.44681286811828613
K3F,"Utterance(participant='K3F', tokens=[Token(word='別に求めてないもん', pos=None, mor=None, gra=None), Token(word='.', pos=None, mor=None, gra=None)], time_marks=None, tiers={'K3F': '別に求めてないもん .', '%ort': 'betsu ni motometenai mon .'})",スペシャリスト,0.5602052211761475,不明,0.4758249521255493,不明,0.5095009803771973
H3M,"Utterance(participant='H3M', tokens=[Token(word='別に逸れてって良いって', pos=None, mor=None, gra=None), Token(word='.', pos=None, mor=None, gra=None)], time_marks=None, tiers={'H3M': '別に逸れてって良いって .', '%ort': 'betsu ni sorete tte ii tte .'})",不明,0.5283425450325012,不明,0.4889703392982483,不明,0.4492016136646271
G3M,"Utterance(participant='G3M', tokens=[Token(word='そう', pos=None, mor=None, gra=None), Token(word='.', pos=None, mor=None, gra=None)], time_marks=None, tiers={'G3M': '<そうそう> [/] そう .', '%ort': 'soo [/] soo [/] soo .'})",不明,0.5207775831222534,不明,0.4984378516674042,不明,0.45796361565589905
G3M,"Utterance(participant='G3M', tokens=[Token(word='逸れても全然良いんだよ', pos=None, mor=None, gra=None), Token(word='.', pos=None, mor=None, gra=None)], time_marks=None, tiers={'G3M': '逸れても全然良いんだよ .', '%ort': 'sorete mo zenzen ii n da yo .'})",不明,0.5209152102470398,不明,0.4901036322116852,不明,0.4286712408065796
K3F,"Utterance(participant='K3F', tokens=[Token(word='いやあ', pos=None, mor=None, gra=None), Token(word='.', pos=None, mor=None, gra=None)], time_marks=None, tiers={'K3F': '<いやあいやあ> [/] いやあ@i .', '%ort': 'iya(a) [/] iya(a) [/] iya(a) .'})",不明,0.5397241711616516,不明,0.5050110220909119,不明,0.45401841402053833
G3M,"Utterance(participant='G3M', tokens=[Token(word='俺らさっき目茶目茶逸れてたし', pos=None, mor=None, gra=None), Token(word='.', pos=None, mor=None, gra=None)], time_marks=None, tiers={'G3M': '俺らさっき目茶目茶逸れてたし .', '%ort': 'orera sakki mechamecha soretotta [: soreteta] shi .'})",不明,0.48112228512763977,不明,0.49233758449554443,不明,0.404037743806839
ALL,"Utterance(participant='ALL', tokens=[Token(word='.', pos=None, mor=None, gra=None)], time_marks=(424980, 440638), tiers={'ALL': '&=laugh . \x15424980_440638\x15', '%ort': '&=laugh .'})",不明,0.5281763076782227,不明,0.48161542415618896,不明,0.4211362600326538
H3M,"Utterance(participant='H3M', tokens=[Token(word='何で', pos=None, mor=None, gra=None), Token(word='?', pos=None, mor=None, gra=None)], time_marks=None, tiers={'H3M': '<何で> [/] 何で ?', '%ort': 'nande [/] nande ?'})",不明,0.5480506420135498,不明,0.5005189180374146,不明,0.4628697633743286
K3F,"Utterance(participant='K3F', tokens=[Token(word='今Hちゃん', pos=None, mor=None, gra=None), Token(word='に言う必要ないもん', pos=None, mor=None, gra=None), Token(word='.', pos=None, mor=None, gra=None)], time_marks=(440637, 444302), tiers={'K3F': '今Hちゃん [= H3Mの名前] に言う必要ないもん . \x15440637_444302\x15', '%ort': 'ima Hchan ni yuu hitsuyoo nai mon .'})",不明,0.5430910587310791,不明,0.5349757671356201,不明,0.5351133346557617
H3M,"Utterance(participant='H3M', tokens=[Token(word='照れてる', pos=None, mor=None, gra=None), Token(word='.', pos=None, mor=None, gra=None)], time_marks=None, tiers={'H3M': '<照れてる> [/] 照れてる .', '%ort': '<tereteru> [/] tereteru .'})",不明,0.5225692987442017,不明,0.4803261160850525,不明,0.45889824628829956
H3M,"Utterance(participant='H3M', tokens=[Token(word='照れてるなあ', pos=None, mor=None, gra=None), Token(word=',', pos=None, mor=None, gra=None), Token(word='これは', pos=None, mor=None, gra=None), Token(word='.', pos=None, mor=None, gra=None)], time_marks=None, tiers={'H3M': '照れてるなあ, これは .', '%ort': 'tereten [: tereteru] naa „ kore wa .'})",スペシャリスト,0.5528520345687866,不明,0.5160643458366394,不明,0.47197026014328003
G3M,"Utterance(participant='G3M', tokens=[Token(word='照れてる', pos=None, mor=None, gra=None), Token(word='.', pos=None, mor=None, gra=None)], time_marks=(444301, 448533), tiers={'G3M': '照れてる . \x15444301_448533\x15', '%ort': 'tereteru .'})",不明,0.5080888271331787,不明,0.4810311794281006,不明,0.4200710952281952
K3F,"Utterance(participant='K3F', tokens=[Token(word='ウザい', pos=None, mor=None, gra=None), Token(word='.', pos=None, mor=None, gra=None)], time_marks=(448112, 458958), tiers={'K3F': 'ウザい . \x15448112_458958\x15', '%ort': 'uzai .'})",不明,0.5312387347221375,不明,0.49400579929351807,不明,0.3973628878593445
H3M,"Utterance(participant='H3M', tokens=[Token(word='ウザい方が良いよ', pos=None, mor=None, gra=None), Token(word='.', pos=None, mor=None, gra=None)], time_marks=None, tiers={'H3M': 'ウザい方が良いよ .', '%ort': 'uzai hoo ga ii yo .'})",不明,0.5469585061073303,不明,0.49300768971443176,不明,0.4458295702934265
H3M,"Utterance(participant='H3M', tokens=[Token(word='心に残るもん', pos=None, mor=None, gra=None), Token(word='.', pos=None, mor=None, gra=None)], time_marks=(448112, 458958), tiers={'H3M': '心に残るもん . \x15448112_458958\x15', '%ort': 'kokoro ni nokoru mon .'})",不明,0.5405291318893433,不明,0.47932207584381104,不明,0.46588170528411865
ALL,"Utterance(participant='ALL', tokens=[Token(word='.', pos=None, mor=None, gra=None)], time_marks=(458957, 469758), tiers={'ALL': '&=laugh . \x15458957_469758\x15', '%ort': '&=laugh .'})",不明,0.5223402380943298,不明,0.48982861638069153,不明,0.41947007179260254
L3F,"Utterance(participant='L3F', tokens=[Token(word='もう嫌だ', pos=None, mor=None, gra=None), Token(word='.', pos=None, mor=None, gra=None)], time_marks=(458957, 469758), tiers={'L3F': 'もう嫌だ . \x15458957_469758\x15', '%ort': 'moo (i)ya da: .'})",不明,0.4111264944076538,不明,0.3854048252105713,不明,0.39025259017944336
H3M,"Utterance(participant='H3M', tokens=[Token(word='でも全くの凡人と付き合ってるよりかはさウザい方が良いじゃん', pos=None, mor=None, gra=None), Token(word='.', pos=None, mor=None, gra=None)], time_marks=(458957, 469758), tiers={'H3M': 'でも全くの凡人と付き合ってるよりかはさウザい方が良いじゃん . \x15458957_469758\x15', '%ort': 'demo mattaku no bonjin to tsukiatteru yori ka wa sa uzai hoo ga ii jan .'})",スペシャリスト,0.5646452307701111,不明,0.5198196768760681,不明,0.480762779712677
L3F,"Utterance(participant='L3F', tokens=[Token(word='嫌だ', pos=None, mor=None, gra=None), Token(word='.', pos=None, mor=None, gra=None)], time_marks=(469757, 473604), tiers={'L3F': '嫌だ . \x15469757_473604\x15', '%ort': '(i)ya da .'})",不明,0.526027500629425,不明,0.4982982873916626,不明,0.4225974678993225
L3F,"Utterance(participant='L3F', tokens=[Token(word='H君凡人', pos=None, mor=None, gra=None), Token(word='で良い', pos=None, mor=None, gra=None), Token(word='?', pos=None, mor=None, gra=None)], time_marks=(469757, 473604), tiers={'L3F': 'H君凡人 [= H3Mの名前] で良い ? \x15469757_473604\x15', '%ort': 'Hkun bonjin de ii ?'})",不明,0.5494808554649353,不明,0.4984400272369385,不明,0.47888320684432983
K3F,"Utterance(participant='K3F', tokens=[Token(word='うんウザいと', pos=None, mor=None, gra=None), Token(word=',', pos=None, mor=None, gra=None), Token(word='凡人だったら', pos=None, mor=None, gra=None), Token(word='?', pos=None, mor=None, gra=None)], time_marks=(469757, 473604), tiers={'K3F': 'うんウザいと, 凡人だったら ? \x15469757_473604\x15', '%ort': 'un uzai to „ bonjin dattara ?'})",不明,0.5023137331008911,不明,0.4785333275794983,不明,0.4550637900829315
H3M,"Utterance(participant='H3M', tokens=[Token(word='えっ絶対詰まらないよね', pos=None, mor=None, gra=None), Token(word='.', pos=None, mor=None, gra=None)], time_marks=(469757, 473604), tiers={'H3M': 'えっ絶対詰まらないよね . \x15469757_473604\x15', '%ort': 'e:q zettai tsumannai yo ne .'})",スペシャリスト,0.574602484703064,不明,0.5040736198425293,不明,0.4561700224876404
G3M,"Utterance(participant='G3M', tokens=[Token(word='ね', pos=None, mor=None, gra=None), Token(word='って言われても', pos=None, mor=None, gra=None), Token(word='.', pos=None, mor=None, gra=None)], time_marks=(473603, 476967), tiers={'G3M': 'ね@q って言われても . \x15473603_476967\x15', '%ort': 'ne@q tte iwarete mo .'})",スペシャリスト,0.5518185496330261,不明,0.5133056640625,不明,0.4660908579826355
K3F,"Utterance(participant='K3F', tokens=[Token(word='ウザいって事はでも面白くないって事でしょう', pos=None, mor=None, gra=None), Token(word='?', pos=None, mor=None, gra=None)], time_marks=(473603, 476967), tiers={'K3F': 'ウザいって事はでも面白くないって事でしょう ? \x15473603_476967\x15', '%ort': 'uzai tte koto wa demo omoshiroku nai tte koto desho(o) ?'})",不明,0.48242008686065674,不明,0.4432734251022339,不明,0.41478246450424194
L3F,"Utterance(participant='L3F', tokens=[Token(word='うん', pos=None, mor=None, gra=None), Token(word='.', pos=None, mor=None, gra=None)], time_marks=(473603, 476967), tiers={'L3F': 'うん . \x15473603_476967\x15', '%ort': 'un .'})",不明,0.5267401933670044,不明,0.5005691647529602,不明,0.41754448413848877
H3M,"Utterance(participant='H3M', tokens=[Token(word='うん', pos=None, mor=None, gra=None), Token(word='?', pos=None, mor=None, gra=None)], time_marks=(473603, 476967), tiers={'H3M': 'うん ? \x15473603_476967\x15', '%ort': 'n ?'})",不明,0.4988063871860504,不明,0.4844123125076294,不明,0.3730255961418152
L3F,"Utterance(participant='L3F', tokens=[Token(word='ウザいって事は嫌って事じゃないの', pos=None, mor=None, gra=None), Token(word='?', pos=None, mor=None, gra=None)], time_marks=(476966, 478765), tiers={'L3F': 'ウザいって事は嫌って事じゃないの ? \x15476966_478765\x15', '%ort': 'uzai tte koto wa iya tte koto janai no ?'})",不明,0.47393694519996643,不明,0.4366830587387085,不明,0.38761717081069946
K3F,"Utterance(participant='K3F', tokens=[Token(word='そう', pos=None, mor=None, gra=None), Token(word='.', pos=None, mor=None, gra=None)], time_marks=(476966, 478765), tiers={'K3F': '<そうそう> [/] そう . \x15476966_478765\x15', '%ort': 'soo [/] soo [/] soo .'})",不明,0.5384984016418457,不明,0.49199968576431274,不明,0.4551053047180176
H3M,"Utterance(participant='H3M', tokens=[Token(word='嫌な事もあるけど楽しい時も', pos=None, mor=None, gra=None), Token(word='あるけどウザいって人と全く面白くない', pos=None, mor=None, gra=None), Token(word='.', pos=None, mor=None, gra=None)], time_marks=(478764, 487419), tiers={'H3M': '嫌な事もあるけど楽しい時も <あって> [//] あるけどウザいって人と全く面白くない . \x15478764_487419\x15', '%ort': 'iya na koto mo aru kedo tanoshii toki mo atte [//] aru kedo uzai tte hito to mattaku omoroku [: omoshiroku] nai .'})",スペシャリスト,0.5522933006286621,不明,0.47779381275177,不明,0.4699658453464508
G3M,"Utterance(participant='G3M', tokens=[Token(word='それをウザいって言うの', pos=None, mor=None, gra=None), Token(word='?', pos=None, mor=None, gra=None)], time_marks=(478764, 487419), tiers={'G3M': 'それをウザいって言うの ? \x15478764_487419\x15', '%ort': 'sore o uzai tte yuu no ?'})",不明,0.542475163936615,不明,0.5462980270385742,不明,0.49014025926589966
K3F,"Utterance(participant='K3F', tokens=[Token(word='嫌だね', pos=None, mor=None, gra=None), Token(word='.', pos=None, mor=None, gra=None)], time_marks=(478764, 487419), tiers={'K3F': '嫌だね . \x15478764_487419\x15', '%ort': 'iya da ne: .'})",不明,0.4946597218513489,不明,0.45453202724456787,不明,0.38652586936950684
H3M,"Utterance(participant='H3M', tokens=[Token(word='ウザいくらい面白いとかあるじゃん', pos=None, mor=None, gra=None), Token(word='.', pos=None, mor=None, gra=None)], time_marks=(485775, 490214), tiers={'H3M': 'ウザいくらい面白いとかあるじゃん . \x15485775_490214\x15', '%ort': 'uzai kurai omoshiroi toka aru jan .'})",不明,0.5138683319091797,不明,0.4580886960029602,不明,0.36975133419036865
G3M,"Utterance(participant='G3M', tokens=[Token(word='それじゃ面白いじゃん', pos=None, mor=None, gra=None), Token(word='.', pos=None, mor=None, gra=None)], time_marks=(490214, 496786), tiers={'G3M': 'それじゃ面白いじゃん . \x15490214_496786\x15', '%ort': 'soreja: omoshiroi jan .'})",不明,0.4839381277561188,不明,0.46716606616973877,不明,0.3703579306602478
K3F,"Utterance(participant='K3F', tokens=[Token(word='うん面白い', pos=None, mor=None, gra=None), Token(word='.', pos=None, mor=None, gra=None)], time_marks=(490214, 496786), tiers={'K3F': 'うん面白い . \x15490214_496786\x15', '%ort': 'un omoshiroi .'})",不明,0.5014525651931763,不明,0.46154552698135376,不明,0.37096017599105835
H3M,"Utterance(participant='H3M', tokens=[Token(word='全くの凡人だったら面白くない', pos=None, mor=None, gra=None), Token(word='.', pos=None, mor=None, gra=None)], time_marks=(490214, 496786), tiers={'H3M': '全くの凡人だったら面白くない . \x15490214_496786\x15', '%ort': 'mattaku no bonjin dattara omoshiroku nai .'})",不明,0.5088329911231995,不明,0.4621005058288574,不明,0.39985179901123047
K3F,"Utterance(participant='K3F', tokens=[Token(word='そうだよ', pos=None, mor=None, gra=None), Token(word='.', pos=None, mor=None, gra=None)], time_marks=(490214, 496786), tiers={'K3F': 'そうだよ . \x15490214_496786\x15', '%ort': 'soo da yo .'})",不明,0.5169382095336914,不明,0.47182196378707886,不明,0.4127176105976105
K3F,"Utterance(participant='K3F', tokens=[Token(word='さっきそうやって言ったじゃんね', pos=None, mor=None, gra=None), Token(word='.', pos=None, mor=None, gra=None)], time_marks=(490214, 496786), tiers={'K3F': 'さっきそうやって言ったじゃんね . \x15490214_496786\x15', '%ort': 'sakki soo yatte yutta jan ne: .'})",スペシャリスト,0.5560767650604248,不明,0.5314784049987793,不明,0.45703327655792236
L3F,"Utterance(participant='L3F', tokens=[Token(word='ね', pos=None, mor=None, gra=None), Token(word='.', pos=None, mor=None, gra=None)], time_marks=(490214, 496786), tiers={'L3F': 'ね . \x15490214_496786\x15', '%ort': 'ne: .'})",不明,0.518161952495575,不明,0.5035685300827026,不明,0.42122480273246765
H3M,"Utterance(participant='H3M', tokens=[Token(word='ごめん', pos=None, mor=None, gra=None), Token(word='.', pos=None, mor=None, gra=None)], time_marks=(496785, 501766), tiers={'H3M': 'ごめん@g . \x15496785_501766\x15', '%ort': 'gomen .'})",スペシャリスト,0.5547189712524414,不明,0.5214289426803589,不明,0.4667781591415405
K3F,"Utterance(participant='K3F', tokens=[Token(word='もう嫌', pos=None, mor=None, gra=None), Token(word='.', pos=None, mor=None, gra=None)], time_marks=(496785, 501766), tiers={'K3F': 'もう嫌 . \x15496785_501766\x15', '%ort': 'moo (i)ya: .'})",不明,0.5384747982025146,不明,0.5159243941307068,不明,0.4580581784248352
ALL,"Utterance(participant='ALL', tokens=[Token(word='うん', pos=None, mor=None, gra=None), Token(word='.', pos=None, mor=None, gra=None)], time_marks=(501766, 516940), tiers={'ALL': 'うん . \x15501766_516940\x15', '%ort': 'un .'})",不明,0.5219933986663818,不明,0.5262819528579712,不明,0.43535059690475464
K3F,"Utterance(participant='K3F', tokens=[Token(word='長いね', pos=None, mor=None, gra=None), Token(word='.', pos=None, mor=None, gra=None)], time_marks=(501766, 516940), tiers={'K3F': '長いね . \x15501766_516940\x15', '%ort': 'nagai ne .'})",スペシャリスト,0.5701738595962524,不明,0.5054267644882202,不明,0.4469391703605652
L3F,"Utterance(participant='L3F', tokens=[Token(word='長い', pos=None, mor=None, gra=None), Token(word='.', pos=None, mor=None, gra=None)], time_marks=(501766, 516940), tiers={'L3F': '長い . \x15501766_516940\x15', '%ort': 'naga:i .'})",スペシャリスト,0.5680868625640869,不明,0.5069318413734436,不明,0.45568275451660156
G3M,"Utterance(participant='G3M', tokens=[Token(word='うん長いよ', pos=None, mor=None, gra=None), Token(word='.', pos=None, mor=None, gra=None)], time_marks=(501766, 516940), tiers={'G3M': 'うん長いよ . \x15501766_516940\x15', '%ort': 'un nagai yo .'})",不明,0.548059344291687,不明,0.5072262287139893,不明,0.4147886037826538
G3M,"Utterance(participant='G3M', tokens=[Token(word='二十五分本当長いよ', pos=None, mor=None, gra=None), Token(word='.', pos=None, mor=None, gra=None)], time_marks=(501766, 516940), tiers={'G3M': '二十五分本当長いよ . \x15501766_516940\x15', '%ort': 'nijuu gofun nagai yo .'})",不明,0.5241512656211853,不明,0.4942922592163086,不明,0.41931048035621643
H3M,"Utterance(participant='H3M', tokens=[Token(word='長い', pos=None, mor=None, gra=None), Token(word='.', pos=None, mor=None, gra=None)], time_marks=(501766, 516940), tiers={'H3M': '長い . \x15501766_516940\x15', '%ort': 'nagai .'})",スペシャリスト,0.5793324112892151,不明,0.5113880038261414,不明,0.439745157957077
G3M,"Utterance(participant='G3M', tokens=[Token(word='さっき', pos=None, mor=None, gra=None), Token(word='グダグダ', pos=None, mor=None, gra=None), Token(word='に成ってたね', pos=None, mor=None, gra=None), Token(word='.', pos=None, mor=None, gra=None)], time_marks=(501766, 516940), tiers={'G3M': 'さっき グダグダ@o に成ってたね . \x15501766_516940\x15', '%ort': 'sakki gudaguda@o ni nattotta [: natteta] ne .'})",不明,0.5128313899040222,不明,0.49936240911483765,不明,0.45445507764816284
L3F,"Utterance(participant='L3F', tokens=[Token(word='何', pos=None, mor=None, gra=None), Token(word='?', pos=None, mor=None, gra=None)], time_marks=(516578, 520944), tiers={'L3F': '何 ? \x15516578_520944\x15', '%ort': 'nani ?'})",不明,0.5096836686134338,不明,0.5033949613571167,不明,0.4360138177871704
L3F,"Utterance(participant='L3F', tokens=[Token(word='他に', pos=None, mor=None, gra=None), Token(word='.', pos=None, mor=None, gra=None)], time_marks=(520942, 523184), tiers={'L3F': '他に . \x15520942_523184\x15', '%ort': 'hoka ni .'})",不明,0.5328260660171509,不明,0.5068830251693726,不明,0.45137402415275574
H3M,"Utterance(participant='H3M', tokens=[Token(word='他に', pos=None, mor=None, gra=None), Token(word='?', pos=None, mor=None, gra=None)], time_marks=(520942, 523184), tiers={'H3M': '他に ? \x15520942_523184\x15', '%ort': 'hoka ni ?'})",不明,0.5453677177429199,不明,0.5136548280715942,不明,0.4502567946910858
H3M,"Utterance(participant='H3M', tokens=[Token(word='そんなに無いよね', pos=None, mor=None, gra=None), Token(word=',', pos=None, mor=None, gra=None), Token(word='別に', pos=None, mor=None, gra=None), Token(word='.', pos=None, mor=None, gra=None)], time_marks=(523184, 526278), tiers={'H3M': 'そんなに無いよね, 別に . \x15523184_526278\x15', '%ort': 'sonnani nai yo ne „ betsu ni .'})",不明,0.5025848746299744,不明,0.48287296295166016,不明,0.4309579133987427
G3M,"Utterance(participant='G3M', tokens=[Token(word='うん', pos=None, mor=None, gra=None), Token(word='.', pos=None, mor=None, gra=None)], time_marks=(523184, 526278), tiers={'G3M': 'うん . \x15523184_526278\x15', '%ort': 'un .'})",不明,0.5191506147384644,不明,0.5063469409942627,不明,0.400129497051239
G3M,"Utterance(participant='G3M', tokens=[Token(word='あれじゃないの', pos=None, mor=None, gra=None), Token(word='?', pos=None, mor=None, gra=None)], time_marks=(526278, 531821), tiers={'G3M': 'あれじゃないの ? \x15526278_531821\x15', '%ort': 'are janai no ?'})",不明,0.4840281009674072,不明,0.4567614197731018,不明,0.3799755275249481
G3M,"Utterance(participant='G3M', tokens=[Token(word='茶髪でセミロングって言ってたよね', pos=None, mor=None, gra=None), Token(word='.', pos=None, mor=None, gra=None)], time_marks=(526278, 531821), tiers={'G3M': '茶髪でセミロングって言ってたよね . \x15526278_531821\x15', '%ort': 'chapatsu de semirongu tte yuttotta [: itteta] yo ne .'})",不明,0.4982098340988159,不明,0.5007802248001099,不明,0.4030274748802185
H3M,"Utterance(participant='H3M', tokens=[Token(word='あっ言ってたね', pos=None, mor=None, gra=None), Token(word='.', pos=None, mor=None, gra=None)], time_marks=(526278, 531821), tiers={'H3M': 'あっ言ってたね . \x15526278_531821\x15', '%ort': 'a: yutteta ne .'})",スペシャリスト,0.5525937676429749,不明,0.5277880430221558,不明,0.4430081248283386
L3F,"Utterance(participant='L3F', tokens=[Token(word='何だ', pos=None, mor=None, gra=None), Token(word=',', pos=None, mor=None, gra=None), Token(word='それ', pos=None, mor=None, gra=None), Token(word='?', pos=None, mor=None, gra=None)], time_marks=(526278, 531821), tiers={'L3F': '何だ, それ ? \x15526278_531821\x15', '%ort': 'nan da „ sore ?'})",不明,0.5380805730819702,不明,0.532159149646759,不明,0.4765661060810089
H3M,"Utterance(participant='H3M', tokens=[Token(word='あと眼鏡が似合う子', pos=None, mor=None, gra=None), Token(word='.', pos=None, mor=None, gra=None)], time_marks=(531820, 539805), tiers={'H3M': 'あと眼鏡が似合う子 . \x15531820_539805\x15', '%ort': 'ato megane ga niau ko .'})",スペシャリスト,0.5517048835754395,不明,0.49160879850387573,不明,0.42303383350372314
G3M,"Utterance(participant='G3M', tokens=[Token(word='眼鏡', pos=None, mor=None, gra=None), Token(word='?', pos=None, mor=None, gra=None)], time_marks=(531820, 539805), tiers={'G3M': '眼鏡 ? \x15531820_539805\x15', '%ort': 'megane ?'})",不明,0.5473016500473022,不明,0.44302237033843994,不明,0.4034203290939331
H3M,"Utterance(participant='H3M', tokens=[Token(word='それ大事', pos=None, mor=None, gra=None), Token(word=',', pos=None, mor=None, gra=None), Token(word='俺', pos=None, mor=None, gra=None), Token(word='.', pos=None, mor=None, gra=None)], time_marks=(531820, 539805), tiers={'H3M': 'それ大事, 俺 . \x15531820_539805\x15', '%ort': 'sore daiji „ ore .'})",スペシャリスト,0.5919429063796997,不明,0.5434509515762329,不明,0.4829518795013428
H3M,"Utterance(participant='H3M', tokens=[Token(word='眼鏡が似合う子ね', pos=None, mor=None, gra=None), Token(word='?', pos=None, mor=None, gra=None)], time_marks=(538663, 545097), tiers={'H3M': '眼鏡が似合う子ね ? \x15538663_545097\x15', '%ort': 'megane ga niau ko ne ?'})",スペシャリスト,0.5592663884162903,不明,0.47712570428848267,不明,0.4323563873767853
L3F,"Utterance(participant='L3F', tokens=[Token(word='どう言う眼鏡', pos=None, mor=None, gra=None), Token(word='?', pos=None, mor=None, gra=None)], time_marks=(538663, 545097), tiers={'L3F': 'どう言う眼鏡 ? \x15538663_545097\x15', '%ort': 'dooiu megane ?'})",スペシャリスト,0.5609694123268127,不明,0.4893099069595337,不明,0.4411090612411499
H3M,"Utterance(participant='H3M', tokens=[Token(word='どう言う', pos=None, mor=None, gra=None), Token(word='?', pos=None, mor=None, gra=None)], time_marks=(538663, 545097), tiers={'H3M': 'どう言う ? \x15538663_545097\x15', '%ort': 'dooiu ?'})",スペシャリスト,0.5806882381439209,リソース探究者,0.5574239492416382,不明,0.47368890047073364
L3F,"Utterance(participant='L3F', tokens=[Token(word='黒縁とか', pos=None, mor=None, gra=None), Token(word='.', pos=None, mor=None, gra=None)], time_marks=(538663, 545097), tiers={'L3F': '黒縁とか . \x15538663_545097\x15', '%ort': 'kurobuchi toka .'})",不明,0.5425739288330078,不明,0.49476534128189087,不明,0.46786391735076904
H3M,"Utterance(participant='H3M', tokens=[Token(word='別に何縁でも良いよ', pos=None, mor=None, gra=None), Token(word='.', pos=None, mor=None, gra=None)], time_marks=(545095, 548276), tiers={'H3M': '別に何縁でも良いよ . \x15545095_548276\x15', '%ort': 'betsu ni nanibuchi de mo ii yo .'})",不明,0.5459127426147461,不明,0.49704790115356445,不明,0.4649190604686737
L3F,"Utterance(participant='L3F', tokens=[Token(word='じゃ', pos=None, mor=None, gra=None), Token(word='何でも良い', pos=None, mor=None, gra=None), Token(word='?', pos=None, mor=None, gra=None)], time_marks=(545095, 548276), tiers={'L3F': 'じゃ &+ど 何でも良い ? \x15545095_548276\x15', '%ort': 'ja: &+do nan de mo ii ?'})",不明,0.5355586409568787,不明,0.4927435517311096,不明,0.43808484077453613
G3M,"Utterance(participant='G3M', tokens=[Token(word='縁があった方が良い', pos=None, mor=None, gra=None), Token(word='?', pos=None, mor=None, gra=None)], time_marks=(545095, 548276), tiers={'G3M': '縁があった方が良い ? \x15545095_548276\x15', '%ort': 'buchi ga atta hoo ga ii ?'})",不明,0.5296443700790405,不明,0.4808461666107178,不明,0.4445432424545288
H3M,"Utterance(participant='H3M', tokens=[Token(word='縁があった方が良いね', pos=None, mor=None, gra=None), Token(word='.', pos=None, mor=None, gra=None)], time_marks=(548275, 549375), tiers={'H3M': '縁があった方が良いね . \x15548275_549375\x15', '%ort': 'buchi ga atta hoo ga ii ne .'})",スペシャリスト,0.5557098388671875,不明,0.5135148167610168,不明,0.43188732862472534
G3M,"Utterance(participant='G3M', tokens=[Token(word='.', pos=None, mor=None, gra=None)], time_marks=(549375, 557283), tiers={'G3M': '&=laugh . \x15549375_557283\x15', '%ort': '&=laugh .'})",不明,0.5053607225418091,不明,0.45274025201797485,不明,0.3754482865333557
L3F,"Utterance(participant='L3F', tokens=[Token(word='縁眼鏡が似合う人が良い', pos=None, mor=None, gra=None), Token(word='?', pos=None, mor=None, gra=None)], time_marks=(549375, 557283), tiers={'L3F': '縁眼鏡が似合う人が良い ? \x15549375_557283\x15', '%ort': 'buchimegane ga niau hito ga ii ?'})",スペシャリスト,0.5522178411483765,不明,0.4764009714126587,不明,0.4530487358570099
H3M,"Utterance(participant='H3M', tokens=[Token(word='言っちゃったね', pos=None, mor=None, gra=None), Token(word='.', pos=None, mor=None, gra=None)], time_marks=(549375, 557283), tiers={'H3M': '言っちゃったね . \x15549375_557283\x15', '%ort': 'itchatta ne: .'})",スペシャリスト,0.5623173713684082,不明,0.5167809724807739,不明,0.43943119049072266
K3F,"Utterance(participant='K3F', tokens=[Token(word='じゃ眼が良い子とは駄目だね', pos=None, mor=None, gra=None), Token(word='.', pos=None, mor=None, gra=None)], time_marks=(549375, 557283), tiers={'K3F': 'じゃ眼が良い子とは駄目だね . \x15549375_557283\x15', '%ort': 'ja: me ga ii ko wa dame da ne .'})",不明,0.5227821469306946,不明,0.4928760826587677,不明,0.41263142228126526
L3F,"Utterance(participant='L3F', tokens=[Token(word='残念', pos=None, mor=None, gra=None), Token(word='.', pos=None, mor=None, gra=None)], time_marks=(549375, 557283), tiers={'L3F': '残念 . \x15549375_557283\x15', '%ort': 'zannen .'})",不明,0.5378918647766113,不明,0.5090874433517456,不明,0.4407895803451538
H3M,"Utterance(participant='H3M', tokens=[Token(word='別に', pos=None, mor=None, gra=None), Token(word='伊達眼鏡でも良い', pos=None, mor=None, gra=None), Token(word='.', pos=None, mor=None, gra=None)], time_marks=(549375, 557283), tiers={'H3M': '別に <あれ> [//] 伊達眼鏡でも良い . \x15549375_557283\x15', '%ort': 'betsu ni are [//] datemegane de mo ii .'})",スペシャリスト,0.5723546743392944,不明,0.5107245445251465,不明,0.47786933183670044
L3F,"Utterance(participant='L3F', tokens=[Token(word='サングラスよりは伊達眼鏡なの', pos=None, mor=None, gra=None), Token(word='?', pos=None, mor=None, gra=None)], time_marks=(557282, 560383), tiers={'L3F': 'サングラスよりは伊達眼鏡なの ? \x15557282_560383\x15', '%ort': 'sangurasu yori wa datemegane na no ?'})",スペシャリスト,0.553148627281189,不明,0.5005536675453186,不明,0.4478147327899933
H3M,"Utterance(participant='H3M', tokens=[Token(word='サングラスだとギャルに成っちゃう', pos=None, mor=None, gra=None), Token(word='.', pos=None, mor=None, gra=None)], time_marks=(560382, 563925), tiers={'H3M': 'サングラスだとギャルに成っちゃう . \x15560382_563925\x15', '%ort': 'sangurasu da to gyaru ni natchau .'})",スペシャリスト,0.5513684749603271,不明,0.4858635663986206,不明,0.42803797125816345
G3M,"Utterance(participant='G3M', tokens=[Token(word='うんギャルだね', pos=None, mor=None, gra=None), Token(word='.', pos=None, mor=None, gra=None)], time_marks=(560382, 563925), tiers={'G3M': 'うんギャルだね . \x15560382_563925\x15', '%ort': 'un gyaru da ne .'})",不明,0.5184294581413269,不明,0.489862859249115,不明,0.396722674369812
H3M,"Utterance(participant='H3M', tokens=[Token(word='それ普通に嫌だ', pos=None, mor=None, gra=None), Token(word='.', pos=None, mor=None, gra=None)], time_marks=(563924, 565126), tiers={'H3M': 'それ普通に嫌だ . \x15563924_565126\x15', '%ort': 'sore futsuu ni iya da .'})",不明,0.5027628540992737,不明,0.4823077619075775,不明,0.4499951899051666
G3M,"Utterance(participant='G3M', tokens=[Token(word='ギャルは嫌なの', pos=None, mor=None, gra=None), Token(word='?', pos=None, mor=None, gra=None)], time_marks=(565125, 573728), tiers={'G3M': 'ギャルは嫌なの ? \x15565125_573728\x15', '%ort': 'gyaru wa iya na no ?'})",不明,0.4735852777957916,不明,0.44021111726760864,不明,0.38855746388435364
G3M,"Utterance(participant='G3M', tokens=[Token(word='前ギャルが良いって言ってたじゃん', pos=None, mor=None, gra=None), Token(word='.', pos=None, mor=None, gra=None)], time_marks=None, tiers={'G3M': '前ギャルが良いって言ってたじゃん .', '%ort': 'mae gyaru ga ii tte yuttotta [: itteta] jan .'})",不明,0.5362344980239868,不明,0.5407862663269043,不明,0.4833199381828308
K3F,"Utterance(participant='K3F', tokens=[Token(word='系が良いの', pos=None, mor=None, gra=None), Token(word='?', pos=None, mor=None, gra=None)], time_marks=(565125, 573728), tiers={'K3F': 'xxx 系が良いの ? \x15565125_573728\x15', '%ort': 'xxx kee ga ii no ?'})",スペシャリスト,0.5676069259643555,不明,0.49758532643318176,不明,0.4655042886734009
H3M,"Utterance(participant='H3M', tokens=[Token(word='知らないだろうなあ', pos=None, mor=None, gra=None), Token(word='.', pos=None, mor=None, gra=None)], time_marks=(565125, 573728), tiers={'H3M': '知らないだろうなあ . \x15565125_573728\x15', '%ort': 'shiran [: shiranai] daroo naa .'})",不明,0.5405409336090088,不明,0.5120018720626831,不明,0.4042375087738037
H3M,"Utterance(participant='H3M', tokens=[Token(word='分からない', pos=None, mor=None, gra=None), Token(word='.', pos=None, mor=None, gra=None)], time_marks=(565125, 573728), tiers={'H3M': '分からない . \x15565125_573728\x15', '%ort': 'wakannai [: wakaranai] .'})",スペシャリスト,0.5833078622817993,不明,0.5487785339355469,不明,0.45957863330841064
L3F,"Utterance(participant='L3F', tokens=[Token(word='あっこう言う感じ', pos=None, mor=None, gra=None), Token(word='?', pos=None, mor=None, gra=None)], time_marks=(565125, 573728), tiers={'L3F': 'あっこう言う感じ ? \x15565125_573728\x15', '%ort': 'a: kooiu kanji ?'})",スペシャリスト,0.5820925235748291,リソース探究者,0.5771961808204651,不明,0.5246095657348633
K3F,"Utterance(participant='K3F', tokens=[Token(word='うん', pos=None, mor=None, gra=None), Token(word='.', pos=None, mor=None, gra=None)], time_marks=(565125, 573728), tiers={'K3F': 'うん . \x15565125_573728\x15', '%ort': 'un .'})",スペシャリスト,0.5505348443984985,不明,0.5145707130432129,不明,0.43241170048713684
H3M,"Utterance(participant='H3M', tokens=[Token(word='良いね', pos=None, mor=None, gra=None), Token(word='.', pos=None, mor=None, gra=None)], time_marks=(565125, 573728), tiers={'H3M': '良いね . \x15565125_573728\x15', '%ort': 'ii ne .'})",スペシャリスト,0.5509578585624695,不明,0.5070619583129883,不明,0.4067569673061371
L3F,"Utterance(participant='L3F', tokens=[Token(word='良いの', pos=None, mor=None, gra=None), Token(word='?', pos=None, mor=None, gra=None)], time_marks=(573432, 580129), tiers={'L3F': '良いの ? \x15573432_580129\x15', '%ort': 'ii no ?'})",不明,0.5278644561767578,不明,0.48096734285354614,不明,0.43377843499183655
L3F,"Utterance(participant='L3F', tokens=[Token(word='えっ意外', pos=None, mor=None, gra=None), Token(word='.', pos=None, mor=None, gra=None)], time_marks=(573432, 580129), tiers={'L3F': 'えっ意外 . \x15573432_580129\x15', '%ort': 'e:q igai .'})",不明,0.5201233625411987,不明,0.5111526846885681,不明,0.4260856807231903
K3F,"Utterance(participant='K3F', tokens=[Token(word='えっ意外だね', pos=None, mor=None, gra=None), Token(word='.', pos=None, mor=None, gra=None)], time_marks=(573432, 580129), tiers={'K3F': 'えっ意外だね . \x15573432_580129\x15', '%ort': 'e:q igai da ne .'})",スペシャリスト,0.5586174726486206,不明,0.5175457000732422,不明,0.45216941833496094
K3F,"Utterance(participant='K3F', tokens=[Token(word='サングラスの方が良いと思った', pos=None, mor=None, gra=None), Token(word='.', pos=None, mor=None, gra=None)], time_marks=(573432, 580129), tiers={'K3F': 'サングラスの方が良いと思った . \x15573432_580129\x15', '%ort': 'sangurasu no hoo ga ii to omotta .'})",不明,0.5372648239135742,不明,0.491595059633255,不明,0.43037837743759155
H3M,"Utterance(participant='H3M', tokens=[Token(word='全然', pos=None, mor=None, gra=None), Token(word='.', pos=None, mor=None, gra=None)], time_marks=(573432, 580129), tiers={'H3M': '全然 . \x15573432_580129\x15', '%ort': 'zenzen .'})",スペシャリスト,0.550891637802124,不明,0.5400905609130859,不明,0.4486101567745209
H3M,"Utterance(participant='H3M', tokens=[Token(word='ギャルはねやっぱり好きじゃないかも', pos=None, mor=None, gra=None), Token(word='.', pos=None, mor=None, gra=None)], time_marks=(580128, 583606), tiers={'H3M': 'ギャルはねやっぱり好きじゃないかも . \x15580128_583606\x15', '%ort': 'gyaru wa ne yappa [: yappari] suki janai kamo .'})",不明,0.5420767068862915,不明,0.4883296489715576,不明,0.3995790481567383
G3M,"Utterance(participant='G3M', tokens=[Token(word='何', pos=None, mor=None, gra=None), Token(word=',', pos=None, mor=None, gra=None), Token(word='それ', pos=None, mor=None, gra=None), Token(word='?', pos=None, mor=None, gra=None)], time_marks=(583606, 586651), tiers={'G3M': '何, それ ? \x15583606_586651\x15', '%ort': 'nani „ sore ?'})",不明,0.5368210077285767,不明,0.5244101285934448,不明,0.46603018045425415
G3M,"Utterance(participant='G3M', tokens=[Token(word='前ギャルが好きって言ってたじゃない', pos=None, mor=None, gra=None), Token(word='.', pos=None, mor=None, gra=None)], time_marks=(583606, 586651), tiers={'G3M': '前ギャルが好きって言ってたじゃない . \x15583606_586651\x15', '%ort': 'mae gyaru ga suki tte yuttotta [: itteta] janai .'})",スペシャリスト,0.5810590386390686,不明,0.5464789867401123,不明,0.48370611667633057
K3F,"Utterance(participant='K3F', tokens=[Token(word='そうだよ', pos=None, mor=None, gra=None), Token(word='.', pos=None, mor=None, gra=None)], time_marks=(583606, 586651), tiers={'K3F': 'そうだよ . \x15583606_586651\x15', '%ort': 'soo da yo .'})",不明,0.5272848010063171,不明,0.46898096799850464,不明,0.41369837522506714
K3F,"Utterance(participant='K3F', tokens=[Token(word='ピチピチ', pos=None, mor=None, gra=None), Token(word='が良いって言ってたじゃん', pos=None, mor=None, gra=None), Token(word='.', pos=None, mor=None, gra=None)], time_marks=(586650, 590215), tiers={'K3F': 'ピチピチ@o が良いって言ってたじゃん . \x15586650_590215\x15', '%ort': 'pichipichi ga ii tte itteta jan .'})",スペシャリスト,0.571683406829834,不明,0.5410870313644409,不明,0.47702598571777344
H3M,"Utterance(participant='H3M', tokens=[Token(word='うん何かねギャルね憧れてた', pos=None, mor=None, gra=None), Token(word='.', pos=None, mor=None, gra=None)], time_marks=(586650, 590215), tiers={'H3M': 'うん何かねギャルね憧れてた . \x15586650_590215\x15', '%ort': 'un nanka ne: gyaru ne akogareteta .'})",不明,0.5429120659828186,不明,0.5171655416488647,不明,0.44783997535705566
L3F,"Utterance(participant='L3F', tokens=[Token(word='小学生みたい', pos=None, mor=None, gra=None), Token(word='.', pos=None, mor=None, gra=None)], time_marks=(590214, 594855), tiers={'L3F': '&=laugh 小学生みたい . \x15590214_594855\x15', '%ort': '&=laugh shoogakusee mitai .'})",不明,0.5333653688430786,不明,0.4968443512916565,不明,0.41655346751213074
K3F,"Utterance(participant='K3F', tokens=[Token(word='ギャルは卒業したの', pos=None, mor=None, gra=None), Token(word='?', pos=None, mor=None, gra=None)], time_marks=(594854, 596725), tiers={'K3F': 'ギャルは卒業したの ? \x15594854_596725\x15', '%ort': 'gyaru wa sotsugyoo shita no ?'})",不明,0.538731575012207,不明,0.49600809812545776,不明,0.42883023619651794
H3M,"Utterance(participant='H3M', tokens=[Token(word='ギャルはね面倒臭いだって思って', pos=None, mor=None, gra=None), Token(word='.', pos=None, mor=None, gra=None)], time_marks=(596723, 599358), tiers={'H3M': 'ギャルはね面倒臭いだって思って . \x15596723_599358\x15', '%ort': 'gyaru wa ne mendokusee [: mendokusai] ya [: da] tte omotte .'})",不明,0.5341562628746033,不明,0.507011890411377,不明,0.4520112872123718
L3F,"Utterance(participant='L3F', tokens=[Token(word='何が', pos=None, mor=None, gra=None), Token(word='?', pos=None, mor=None, gra=None)], time_marks=(599357, 604423), tiers={'L3F': '何が ? \x15599357_604423\x15', '%ort': 'nani ga ?'})",不明,0.5152861475944519,不明,0.4903528094291687,不明,0.4286839962005615
G3M,"Utterance(participant='G3M', tokens=[Token(word='何か相手にされなさそうだから諦めたんでしょう', pos=None, mor=None, gra=None), Token(word='.', pos=None, mor=None, gra=None)], time_marks=(599357, 604423), tiers={'G3M': '何か相手にされなさそうだから諦めたんでしょう . \x15599357_604423\x15', '%ort': 'nanka aite ni sarenasasoo da kara akirameta n desho(o) .'})",スペシャリスト,0.5525674819946289,不明,0.5048238039016724,不明,0.4483436346054077
K3F,"Utterance(participant='K3F', tokens=[Token(word='そうか', pos=None, mor=None, gra=None), Token(word='?', pos=None, mor=None, gra=None)], time_marks=(599357, 604423), tiers={'K3F': 'そうか ? \x15599357_604423\x15', '%ort': 'soo ka ?'})",不明,0.5127150416374207,不明,0.45987144112586975,不明,0.43645337224006653
K3F,"Utterance(participant='K3F', tokens=[Token(word='諦めたのか', pos=None, mor=None, gra=None), Token(word='?', pos=None, mor=None, gra=None)], time_marks=(599357, 604423), tiers={'K3F': '諦めたのか ? \x15599357_604423\x15', '%ort': 'akirameta no ka ?'})",不明,0.536601185798645,不明,0.46871572732925415,不明,0.4267633855342865
H3M,"Utterance(participant='H3M', tokens=[Token(word='違う', pos=None, mor=None, gra=None), Token(word='.', pos=None, mor=None, gra=None)], time_marks=(599357, 604423), tiers={'H3M': '<違う違う> [/] 違う . \x15599357_604423\x15', '%ort': '<chigau chigau> [/] chigau .'})",不明,0.517828106880188,不明,0.4896988868713379,不明,0.4593145549297333
K3F,"Utterance(participant='K3F', tokens=[Token(word='残るよ', pos=None, mor=None, gra=None), Token(word='.', pos=None, mor=None, gra=None)], time_marks=(604422, 611168), tiers={'K3F': '残るよ . \x15604422_611168\x15', '%ort': 'nokoru yo .'})",不明,0.5047252774238586,不明,0.4684295654296875,不明,0.42953208088874817
H3M,"Utterance(participant='H3M', tokens=[Token(word='知ってるよ', pos=None, mor=None, gra=None), Token(word='.', pos=None, mor=None, gra=None)], time_marks=(604422, 611168), tiers={'H3M': '知ってるよ . \x15604422_611168\x15', '%ort': 'shitteru yo .'})",不明,0.5496670007705688,不明,0.5111168622970581,不明,0.45830419659614563
H3M,"Utterance(participant='H3M', tokens=[Token(word='ちょっとマズいなあ', pos=None, mor=None, gra=None), Token(word='.', pos=None, mor=None, gra=None)], time_marks=(611038, 612368), tiers={'H3M': 'ちょっとマズいなあ . \x15611038_612368\x15', '%ort': 'chotto mazui naa .'})",不明,0.5387285947799683,不明,0.5004447102546692,不明,0.4029594659805298
H3M,"Utterance(participant='H3M', tokens=[Token(word='さっきもちょっと言ってたし', pos=None, mor=None, gra=None), Token(word='.', pos=None, mor=None, gra=None)], time_marks=(612368, 615673), tiers={'H3M': 'さっきもちょっと言ってたし . \x15612368_615673\x15', '%ort': 'sakki mo chotto ittotta [: itteta] shi .'})",スペシャリスト,0.56902015209198,不明,0.5415205955505371,不明,0.4649949073791504
G3M,"Utterance(participant='G3M', tokens=[Token(word='Kちゃん', pos=None, mor=None, gra=None), Token(word='が好きだって言ってた', pos=None, mor=None, gra=None), Token(word='.', pos=None, mor=None, gra=None)], time_marks=(615673, 618300), tiers={'G3M': 'Kちゃん [= K3Fの名前] が好きだって言ってた . \x15615673_618300\x15', '%ort': 'Kchan ga suki da tte ittotta [: itteta] .'})",スペシャリスト,0.6003042459487915,不明,0.5442522168159485,不明,0.5084861516952515
H3M,"Utterance(participant='H3M', tokens=[Token(word='告っちゃったよ', pos=None, mor=None, gra=None), Token(word='.', pos=None, mor=None, gra=None)], time_marks=(618299, 619984), tiers={'H3M': '告っちゃったよ . \x15618299_619984\x15', '%ort': 'kokutchatta yo .'})",スペシャリスト,0.5528725385665894,不明,0.5068275928497314,不明,0.41499167680740356
L3F,"Utterance(participant='L3F', tokens=[Token(word='もう一回言って良いよ', pos=None, mor=None, gra=None), Token(word='.', pos=None, mor=None, gra=None)], time_marks=(619984, 625354), tiers={'L3F': 'もう一回言って良いよ . \x15619984_625354\x15', '%ort': 'moo ikkai itte ii yo .'})",不明,0.5488447546958923,不明,0.5248029232025146,不明,0.49784034490585327
K3F,"Utterance(participant='K3F', tokens=[Token(word='さっき言ったよ', pos=None, mor=None, gra=None), Token(word='.', pos=None, mor=None, gra=None)], time_marks=(619984, 625354), tiers={'K3F': 'さっき言ったよ . \x15619984_625354\x15', '%ort': 'sakki itta yo .'})",スペシャリスト,0.5676286220550537,リソース探究者,0.5519055128097534,不明,0.5123037695884705
L3F,"Utterance(participant='L3F', tokens=[Token(word='カメラに向かって', pos=None, mor=None, gra=None), Token(word='.', pos=None, mor=None, gra=None)], time_marks=(619984, 625354), tiers={'L3F': 'カメラに向かって . \x15619984_625354\x15', '%ort': 'kamera ni mukatte .'})",不明,0.47933825850486755,不明,0.4330185651779175,不明,0.4030497968196869
H3M,"Utterance(participant='H3M', tokens=[Token(word='本当', pos=None, mor=None, gra=None), Token(word='?', pos=None, mor=None, gra=None)], time_marks=(619984, 625354), tiers={'H3M': '本当 ? \x15619984_625354\x15', '%ort': 'hontoo ?'})",スペシャリスト,0.5512290000915527,不明,0.5237160325050354,不明,0.429704487323761
H3M,"Utterance(participant='H3M', tokens=[Token(word='Kちゃん', pos=None, mor=None, gra=None), Token(word='好きだよ', pos=None, mor=None, gra=None), Token(word='.', pos=None, mor=None, gra=None)], time_marks=(619984, 625354), tiers={'H3M': 'Kちゃん [= K3Fの名前] 好きだよ . \x15619984_625354\x15', '%ort': 'Kchan suki da yo .'})",スペシャリスト,0.5818146467208862,不明,0.5287919044494629,不明,0.46088311076164246
L3F,"Utterance(participant='L3F', tokens=[Token(word='もう一回言って', pos=None, mor=None, gra=None), Token(word='!', pos=None, mor=None, gra=None)], time_marks=(625352, 628515), tiers={'L3F': 'もう一回言って ! \x15625352_628515\x15', '%ort': 'moo ikkai itte !'})",プラント,0.5758421421051025,リソース探究者,0.5659441947937012,完遂者,0.5714453458786011
H3M,"Utterance(participant='H3M', tokens=[Token(word='これはマズいだろう', pos=None, mor=None, gra=None), Token(word='.', pos=None, mor=None, gra=None)], time_marks=(628585, 630454), tiers={'H3M': 'これはマズいだろう . \x15628585_630454\x15', '%ort': 'kore wa mazui daroo .'})",不明,0.5270121097564697,不明,0.4748307764530182,不明,0.3916340470314026
H3M,"Utterance(participant='H3M', tokens=[Token(word='カットで', pos=None, mor=None, gra=None), Token(word='.', pos=None, mor=None, gra=None)], time_marks=(628585, 630454), tiers={'H3M': 'カットで . \x15628585_630454\x15', '%ort': 'katto de .'})",不明,0.5013506412506104,不明,0.48120054602622986,不明,0.4069242477416992
K3F,"Utterance(participant='K3F', tokens=[Token(word='もう嫌だ', pos=None, mor=None, gra=None), Token(word='.', pos=None, mor=None, gra=None)], time_marks=(630451, 634658), tiers={'K3F': 'もう嫌だ . \x15630451_634658\x15', '%ort': 'moo (i)ya da: .'})",不明,0.4279175400733948,不明,0.38531744480133057,不明,0.3923141360282898
K3F,"Utterance(participant='K3F', tokens=[Token(word='可哀想', pos=None, mor=None, gra=None), Token(word='.', pos=None, mor=None, gra=None)], time_marks=(630451, 634658), tiers={'K3F': '可哀想 . \x15630451_634658\x15', '%ort': 'kawaisoo .'})",スペシャリスト,0.565699577331543,不明,0.5278803110122681,不明,0.4461122453212738
K3F,"Utterance(participant='K3F', tokens=[Token(word='これ卒論で使うんだよ', pos=None, mor=None, gra=None), Token(word='.', pos=None, mor=None, gra=None)], time_marks=(630451, 634658), tiers={'K3F': 'これ卒論で使うんだよ . \x15630451_634658\x15', '%ort': 'kore sotsuron de tsukau n da yo .'})",スペシャリスト,0.5679730176925659,不明,0.5006130337715149,不明,0.4685508608818054
H3M,"Utterance(participant='H3M', tokens=[Token(word='嘘', pos=None, mor=None, gra=None), Token(word='.', pos=None, mor=None, gra=None)], time_marks=(634656, 636400), tiers={'H3M': '嘘 . \x15634656_636400\x15', '%ort': 'uso: .'})",不明,0.49212539196014404,不明,0.49091798067092896,不明,0.39590898156166077
H3M,"Utterance(participant='H3M', tokens=[Token(word='卒論で使うの', pos=None, mor=None, gra=None), Token(word='?', pos=None, mor=None, gra=None)], time_marks=(634656, 636400), tiers={'H3M': '卒論で使うの ? \x15634656_636400\x15', '%ort': 'sotsuron de tsukau no ?'})",スペシャリスト,0.5702944993972778,不明,0.5050219297409058,不明,0.4805752635002136
K3F,"Utterance(participant='K3F', tokens=[Token(word='と思うよ', pos=None, mor=None, gra=None), Token(word='.', pos=None, mor=None, gra=None)], time_marks=(636399, 638429), tiers={'K3F': '++ と思うよ . \x15636399_638429\x15', '%ort': '++ to omou yo .'})",不明,0.5423017740249634,不明,0.5127055048942566,不明,0.4434235990047455
G3M,"Utterance(participant='G3M', tokens=[Token(word='でも喋り方だけだよ', pos=None, mor=None, gra=None), Token(word='.', pos=None, mor=None, gra=None)], time_marks=(636399, 638429), tiers={'G3M': 'でも喋り方だけだよ . \x15636399_638429\x15', '%ort': 'demo shaberikata dake da yo .'})",プラント,0.5677320957183838,不明,0.5357356071472168,不明,0.47823330760002136
G3M,"Utterance(participant='G3M', tokens=[Token(word='だから別に大丈夫でしょう', pos=None, mor=None, gra=None), Token(word='.', pos=None, mor=None, gra=None)], time_marks=(638428, 643304), tiers={'G3M': 'だから別に大丈夫でしょう . \x15638428_643304\x15', '%ort': 'dakara betsu daijoobu desho(o) .'})",不明,0.5483129620552063,不明,0.4782683849334717,不明,0.4283851385116577
H3M,"Utterance(participant='H3M', tokens=[Token(word='編集するでしょう', pos=None, mor=None, gra=None), Token(word='.', pos=None, mor=None, gra=None)], time_marks=(638428, 643304), tiers={'H3M': '編集するでしょう . \x15638428_643304\x15', '%ort': 'henshuu suru desho(o) .'})",スペシャリスト,0.5650469064712524,不明,0.5450031161308289,不明,0.45328235626220703
K3F,"Utterance(participant='K3F', tokens=[Token(word='書き起こすって', pos=None, mor=None, gra=None), Token(word=',', pos=None, mor=None, gra=None), Token(word='文字に', pos=None, mor=None, gra=None), Token(word='.', pos=None, mor=None, gra=None)], time_marks=(638428, 643304), tiers={'K3F': '書き起こすって, 文字に . \x15638428_643304\x15', '%ort': 'kakiokosu tte „ moji ni .'})",不明,0.5446755290031433,不明,0.5350558757781982,完遂者,0.5648021697998047
G3M,"Utterance(participant='G3M', tokens=[Token(word='ウケる', pos=None, mor=None, gra=None), Token(word='.', pos=None, mor=None, gra=None)], time_marks=(643303, 645007), tiers={'G3M': 'ウケる . \x15643303_645007\x15', '%ort': 'ukeru .'})",不明,0.5188528299331665,不明,0.48953473567962646,不明,0.40951812267303467
H3M,"Utterance(participant='H3M', tokens=[Token(word='ヤバいね', pos=None, mor=None, gra=None), Token(word='.', pos=None, mor=None, gra=None)], time_marks=(645007, 650209), tiers={'H3M': 'ヤバいね . \x15645007_650209\x15', '%ort': 'yabai ne .'})",不明,0.5424227714538574,不明,0.4874115586280823,不明,0.4050196409225464
H3M,"Utterance(participant='H3M', tokens=[Token(word='ごめんなさい', pos=None, mor=None, gra=None), Token(word='.', pos=None, mor=None, gra=None)], time_marks=(650209, 652445), tiers={'H3M': 'ごめんなさい@g . \x15650209_652445\x15', '%ort': 'gomennasai .'})",不明,0.5382712483406067,不明,0.5000044107437134,不明,0.43485838174819946
K3F,"Utterance(participant='K3F', tokens=[Token(word='もっと言ってよ', pos=None, mor=None, gra=None), Token(word='!', pos=None, mor=None, gra=None)], time_marks=(652445, 655139), tiers={'K3F': 'もっと言ってよ ! \x15652445_655139\x15', '%ort': 'motto itte yo !'})",プラント,0.5976731777191162,リソース探究者,0.563154399394989,完遂者,0.567619264125824
L3F,"Utterance(participant='L3F', tokens=[Token(word='カメラに向かって謝って', pos=None, mor=None, gra=None), Token(word='!', pos=None, mor=None, gra=None)], time_marks=(652445, 655139), tiers={'L3F': 'カメラに向かって謝って ! \x15652445_655139\x15', '%ort': 'kamera ni mukatte ayamatte !'})",不明,0.5005459785461426,不明,0.39077579975128174,不明,0.39825430512428284
H3M,"Utterance(participant='H3M', tokens=[Token(word='本当に', pos=None, mor=None, gra=None), Token(word='すみませんでした', pos=None, mor=None, gra=None), Token(word='.', pos=None, mor=None, gra=None)], time_marks=(655138, 658010), tiers={'H3M': '本当に すみませんでした@g . \x15655138_658010\x15', '%ort': 'hontoo ni sumimasen deshita .'})",スペシャリスト,0.5543633103370667,不明,0.5021889805793762,不明,0.45687636733055115
L3F,"Utterance(participant='L3F', tokens=[Token(word='Kちゃん', pos=None, mor=None, gra=None), Token(word='はギャルじゃないね', pos=None, mor=None, gra=None), Token(word='.', pos=None, mor=None, gra=None)], time_marks=(658010, 666999), tiers={'L3F': 'Kちゃん [= K3Fの名前] はギャルじゃないね . \x15658010_666999\x15', '%ort': 'Kchan wa gyaru janai ne .'})",スペシャリスト,0.5587528944015503,不明,0.5152223110198975,不明,0.4906332492828369
K3F,"Utterance(participant='K3F', tokens=[Token(word='うん', pos=None, mor=None, gra=None), Token(word='.', pos=None, mor=None, gra=None)], time_marks=(658010, 666999), tiers={'K3F': 'うん . \x15658010_666999\x15', '%ort': 'un .'})",不明,0.5477964282035828,不明,0.5115742683410645,不明,0.4402276277542114
K3F,"Utterance(participant='K3F', tokens=[Token(word='Kちゃん', pos=None, mor=None, gra=None), Token(word='とAちゃん', pos=None, mor=None, gra=None), Token(word='は同じ高校だよね', pos=None, mor=None, gra=None), Token(word='.', pos=None, mor=None, gra=None)], time_marks=(666998, 670819), tiers={'K3F': 'Kちゃん [= K3Fの名前] とAちゃん [= 学生の名前] は同じ高校だよね . \x15666998_670819\x15', '%ort': 'Kchan to Achan wa onaji gakkoo da yo ne .'})",スペシャリスト,0.5859057307243347,不明,0.4698864221572876,不明,0.42321592569351196
L3F,"Utterance(participant='L3F', tokens=[Token(word='うん', pos=None, mor=None, gra=None), Token(word='.', pos=None, mor=None, gra=None)], time_marks=(666998, 670819), tiers={'L3F': 'うん . \x15666998_670819\x15', '%ort': 'un .'})",不明,0.525259256362915,不明,0.4936845898628235,不明,0.41826027631759644
H3M,"Utterance(participant='H3M', tokens=[Token(word='K北', pos=None, mor=None, gra=None), Token(word='.', pos=None, mor=None, gra=None)], time_marks=None, tiers={'H3M': 'K北 [= 高校の名前] .', '%ort': 'Kkita .'})",スペシャリスト,0.5807966589927673,不明,0.4727936089038849,不明,0.39787766337394714
H3M,"Utterance(participant='H3M', tokens=[Token(word='で', pos=None, mor=None, gra=None), Token(word='?', pos=None, mor=None, gra=None)], time_marks=(675099, 682839), tiers={'H3M': 'で &=laugh ? \x15675099_682839\x15', '%ort': 'de &=laugh ?'})",不明,0.5246882438659668,不明,0.4808165431022644,不明,0.39670461416244507
L3F,"Utterance(participant='L3F', tokens=[Token(word='教えてあげたじゃんね', pos=None, mor=None, gra=None), Token(word='.', pos=None, mor=None, gra=None)], time_marks=(675099, 682839), tiers={'L3F': '教えてあげたじゃんね . \x15675099_682839\x15', '%ort': 'oshiete ageta jan ne .'})",不明,0.5419694185256958,不明,0.5070918798446655,不明,0.4393899738788605
H3M,"Utterance(participant='H3M', tokens=[Token(word='ありがとうございます', pos=None, mor=None, gra=None), Token(word='.', pos=None, mor=None, gra=None)], time_marks=(682838, 687773), tiers={'H3M': 'ありがとうございます@g . \x15682838_687773\x15', '%ort': 'arigatoogozaimasu .'})",不明,0.536270022392273,不明,0.4651631712913513,不明,0.3984081745147705
K3F,"Utterance(participant='K3F', tokens=[Token(word='情報提供してあげたよ', pos=None, mor=None, gra=None), Token(word='.', pos=None, mor=None, gra=None)], time_marks=(682838, 687773), tiers={'K3F': '情報提供してあげたよ . \x15682838_687773\x15', '%ort': 'joohooteekyoo shite ageta yo .'})",スペシャリスト,0.55340576171875,不明,0.5202939510345459,不明,0.44528496265411377
H3M,"Utterance(participant='H3M', tokens=[Token(word='ちょっと三河の方に興味無いから', pos=None, mor=None, gra=None), Token(word='.', pos=None, mor=None, gra=None)], time_marks=(682838, 687773), tiers={'H3M': 'ちょっと三河の方に興味無いから . \x15682838_687773\x15', '%ort': 'chotto Mikawa no hoo ni kyoomi nai kara .'})",不明,0.5053699016571045,不明,0.3822316527366638,不明,0.3724197745323181
G3M,"Utterance(participant='G3M', tokens=[Token(word='この人らみんな三河の人だよ', pos=None, mor=None, gra=None), Token(word='.', pos=None, mor=None, gra=None)], time_marks=(688375, 692248), tiers={'G3M': 'この人らみんな三河の人だよ . \x15688375_692248\x15', '%ort': 'kono hitora minna Mikawa no hito da yo .'})",不明,0.5140705108642578,不明,0.4164135456085205,不明,0.3781264126300812
H3M,"Utterance(participant='H3M', tokens=[Token(word='ね', pos=None, mor=None, gra=None), Token(word='.', pos=None, mor=None, gra=None)], time_marks=(688375, 692248), tiers={'H3M': '<ねね> [/] ね . \x15688375_692248\x15', '%ort': '<ne ne> [/] ne .'})",スペシャリスト,0.5523751974105835,不明,0.5022211074829102,不明,0.44024014472961426
L3F,"Utterance(participant='L3F', tokens=[Token(word='失礼な', pos=None, mor=None, gra=None), Token(word='.', pos=None, mor=None, gra=None)], time_marks=(688375, 692248), tiers={'L3F': '失礼な . \x15688375_692248\x15', '%ort': 'shitsuree na .'})",不明,0.5017151236534119,不明,0.48390159010887146,不明,0.4151296317577362
G3M,"Utterance(participant='G3M', tokens=[Token(word='喋り方なんだからどんどん方言出したら', pos=None, mor=None, gra=None), Token(word='?', pos=None, mor=None, gra=None)], time_marks=(692247, 696517), tiers={'G3M': '喋り方なんだからどんどん方言出したら ? \x15692247_696517\x15', '%ort': 'shaberikata na n da kara dondon hoogen dashitara ?'})",プラント,0.5793130993843079,不明,0.5379434823989868,不明,0.5085631608963013
H3M,"Utterance(participant='H3M', tokens=[Token(word='うん', pos=None, mor=None, gra=None), Token(word='.', pos=None, mor=None, gra=None)], time_marks=(692247, 696517), tiers={'H3M': 'うん . \x15692247_696517\x15', '%ort': 'un .'})",不明,0.5491894483566284,不明,0.4985238313674927,不明,0.4046657085418701
L3F,"Utterance(participant='L3F', tokens=[Token(word='方言出ないもん', pos=None, mor=None, gra=None), Token(word='.', pos=None, mor=None, gra=None)], time_marks=(696516, 698723), tiers={'L3F': '方言出ないもん . \x15696516_698723\x15', '%ort': 'hoogen denai mon .'})",不明,0.45477527379989624,不明,0.4603461027145386,不明,0.4231104254722595
G3M,"Utterance(participant='G3M', tokens=[Token(word='だら', pos=None, mor=None, gra=None), Token(word='って言ったら良いじゃん', pos=None, mor=None, gra=None), Token(word='.', pos=None, mor=None, gra=None)], time_marks=(696516, 698723), tiers={'G3M': 'だら@q って言ったら良いじゃん . \x15696516_698723\x15', '%ort': 'dara:@q tte ittara ii yan [: jan] .'})",不明,0.5493215918540955,不明,0.508439302444458,不明,0.4714639186859131
K3F,"Utterance(participant='K3F', tokens=[Token(word='良いじゃんって言った', pos=None, mor=None, gra=None), Token(word=',', pos=None, mor=None, gra=None), Token(word='今', pos=None, mor=None, gra=None), Token(word='.', pos=None, mor=None, gra=None)], time_marks=(698722, 700363), tiers={'K3F': '良いじゃんって言った, 今 . \x15698722_700363\x15', '%ort': 'ii yan [: jan] tte itta „ ima .'})",プラント,0.5767936706542969,リソース探究者,0.5700377225875854,不明,0.5485123991966248
G3M,"Utterance(participant='G3M', tokens=[Token(word='ちょっと俺良いじゃんってさ元々さ使ってなかったのにさI', pos=None, mor=None, gra=None), Token(word='が使うじゃん', pos=None, mor=None, gra=None), Token(word='.', pos=None, mor=None, gra=None)], time_marks=(700363, 705928), tiers={'G3M': 'ちょっと俺良いじゃんってさ元々さ使ってなかったのにさI [= 学生の名前] が使うじゃん . \x15700363_705928\x15', '%ort': 'cho(tto) ore ii yan [: jan] tte saa motomoto saa tsukattenakatta noni saa I ga tsukau jan .'})",スペシャリスト,0.5539975166320801,不明,0.5213686227798462,不明,0.4932337701320648
G3M,"Utterance(participant='G3M', tokens=[Token(word='それで写ったんだって', pos=None, mor=None, gra=None), Token(word='.', pos=None, mor=None, gra=None)], time_marks=(700363, 705928), tiers={'G3M': 'それで写ったんだって . \x15700363_705928\x15', '%ort': 'sore de utsutta n da tte .'})",不明,0.4546557664871216,不明,0.4540826678276062,不明,0.4251475930213928
K3F,"Utterance(participant='K3F', tokens=[Token(word='Iちゃん', pos=None, mor=None, gra=None), Token(word='は言うっけ', pos=None, mor=None, gra=None), Token(word='?', pos=None, mor=None, gra=None)], time_marks=(705927, 709901), tiers={'K3F': 'Iちゃん [= 学生の名前] は言うっけ ? \x15705927_709901\x15', '%ort': 'Ichan wa yuu kke ?'})",スペシャリスト,0.5785762667655945,不明,0.5285587310791016,不明,0.497189462184906
L3F,"Utterance(participant='L3F', tokens=[Token(word='本当', pos=None, mor=None, gra=None), Token(word='?', pos=None, mor=None, gra=None)], time_marks=(705927, 709901), tiers={'L3F': '本当 ? \x15705927_709901\x15', '%ort': 'hontoo ?'})",不明,0.5397258996963501,不明,0.510800838470459,不明,0.4463576376438141
G3M,"Utterance(participant='G3M', tokens=[Token(word='彼奴目茶言うって', pos=None, mor=None, gra=None), Token(word='.', pos=None, mor=None, gra=None)], time_marks=(705927, 709901), tiers={'G3M': '彼奴目茶言うって . \x15705927_709901\x15', '%ort': 'aitsu metcha iu tte .'})",不明,0.4954083561897278,不明,0.4977843165397644,不明,0.40026217699050903
G3M,"Utterance(participant='G3M', tokens=[Token(word='ね', pos=None, mor=None, gra=None), Token(word='.', pos=None, mor=None, gra=None)], time_marks=(705927, 709901), tiers={'G3M': 'ね . \x15705927_709901\x15', '%ort': 'ne: .'})",不明,0.5074888467788696,不明,0.480984091758728,不明,0.39696115255355835
H3M,"Utterance(participant='H3M', tokens=[Token(word='俺I', pos=None, mor=None, gra=None), Token(word='と喋った事無い', pos=None, mor=None, gra=None), Token(word='.', pos=None, mor=None, gra=None)], time_marks=(709900, 716313), tiers={'H3M': '俺I [= 学生の名前] と喋った事無い . \x15709900_716313\x15', '%ort': 'ore I to shabetta koto nai .'})",不明,0.5442588329315186,不明,0.5174520611763,不明,0.4785584807395935
G3M,"Utterance(participant='G3M', tokens=[Token(word='そうだね', pos=None, mor=None, gra=None), Token(word='.', pos=None, mor=None, gra=None)], time_marks=(709900, 716313), tiers={'G3M': '&=laugh そうだね . \x15709900_716313\x15', '%ort': '&=laugh soo da ne .'})",不明,0.5022734999656677,不明,0.46795904636383057,不明,0.38873422145843506
G3M,"Utterance(participant='G3M', tokens=[Token(word='そんなに深く喋った事が無いもんね', pos=None, mor=None, gra=None), Token(word='.', pos=None, mor=None, gra=None)], time_marks=(709900, 716313), tiers={'G3M': 'そんなに深く喋った事が無いもんね . \x15709900_716313\x15', '%ort': 'sonnani fukaku shabetta koto ga nai mon ne .'})",プラント,0.5847811698913574,不明,0.4978925585746765,不明,0.47898972034454346
G3M,"Utterance(participant='G3M', tokens=[Token(word='彼奴の写った', pos=None, mor=None, gra=None), Token(word=',', pos=None, mor=None, gra=None), Token(word='俺', pos=None, mor=None, gra=None), Token(word='.', pos=None, mor=None, gra=None)], time_marks=(716312, 718811), tiers={'G3M': '彼奴の写った, 俺 . \x15716312_718811\x15', '%ort': 'aitsu no utsutta „ ore .'})",不明,0.48700404167175293,不明,0.4718160033226013,不明,0.4380817115306854
L3F,"Utterance(participant='L3F', tokens=[Token(word='可哀想だね', pos=None, mor=None, gra=None), Token(word='.', pos=None, mor=None, gra=None)], time_marks=(718811, 720711), tiers={'L3F': '可哀想だね . \x15718811_720711\x15', '%ort': 'kawaisoo da ne .'})",スペシャリスト,0.564105749130249,不明,0.5239763855934143,不明,0.4554184079170227
G3M,"Utterance(participant='G3M', tokens=[Token(word='そう', pos=None, mor=None, gra=None), Token(word='.', pos=None, mor=None, gra=None)], time_marks=(718811, 720711), tiers={'G3M': 'そう . \x15718811_720711\x15', '%ort': 'soo .'})",不明,0.5143414735794067,不明,0.49275684356689453,不明,0.3997220993041992
K3F,"Utterance(participant='K3F', tokens=[Token(word='大府弁', pos=None, mor=None, gra=None), Token(word='?', pos=None, mor=None, gra=None)], time_marks=(720711, 724416), tiers={'K3F': '大府弁 ? \x15720711_724416\x15', '%ort': 'Oobuben ?'})",スペシャリスト,0.5748512744903564,不明,0.5116629600524902,不明,0.4447610080242157
L3F,"Utterance(participant='L3F', tokens=[Token(word='大府弁', pos=None, mor=None, gra=None), Token(word='?', pos=None, mor=None, gra=None)], time_marks=None, tiers={'L3F': '大府弁 ?', '%ort': 'Oobuben ?'})",スペシャリスト,0.5812686681747437,不明,0.5273255705833435,不明,0.47059571743011475
L3F,"Utterance(participant='L3F', tokens=[Token(word='嫌だ', pos=None, mor=None, gra=None), Token(word='.', pos=None, mor=None, gra=None)], time_marks=(720711, 724416), tiers={'L3F': '<嫌だ> [/] 嫌だ . \x15720711_724416\x15', '%ort': '<iya da> [/] iya da .'})",不明,0.4551030993461609,不明,0.436523973941803,不明,0.42733895778656006
L3F,"Utterance(participant='L3F', tokens=[Token(word='ね静かなんだけど', pos=None, mor=None, gra=None), Token(word='.', pos=None, mor=None, gra=None)], time_marks=(724416, 734288), tiers={'L3F': 'ね静かなんだけど . \x15724416_734288\x15', '%ort': 'ne: shizuka na n da kedo .'})",不明,0.5427942276000977,不明,0.48934072256088257,不明,0.4378420114517212
K3F,"Utterance(participant='K3F', tokens=[Token(word='うん', pos=None, mor=None, gra=None), Token(word='.', pos=None, mor=None, gra=None)], time_marks=(724416, 734288), tiers={'K3F': 'うん . \x15724416_734288\x15', '%ort': 'un .'})",不明,0.5415763258934021,不明,0.4838119149208069,不明,0.4264932870864868
K3F,"Utterance(participant='K3F', tokens=[Token(word='盛り上げて', pos=None, mor=None, gra=None), Token(word='!', pos=None, mor=None, gra=None)], time_marks=(734288, 735665), tiers={'K3F': '盛り上げて ! \x15734288_735665\x15', '%ort': 'moriagete !'})",スペシャリスト,0.5583940744400024,不明,0.4803760051727295,不明,0.4300384521484375
H3M,"Utterance(participant='H3M', tokens=[Token(word='盛り上げる', pos=None, mor=None, gra=None), Token(word='?', pos=None, mor=None, gra=None)], time_marks=(735664, 736699), tiers={'H3M': '盛り上げる ? \x15735664_736699\x15', '%ort': 'moriageru ?'})",スペシャリスト,0.5552692413330078,不明,0.4809650778770447,不明,0.40718716382980347
L3F,"Utterance(participant='L3F', tokens=[Token(word='うん', pos=None, mor=None, gra=None), Token(word='.', pos=None, mor=None, gra=None)], time_marks=(736699, 740973), tiers={'L3F': 'うん . \x15736699_740973\x15', '%ort': 'un .'})",不明,0.5264518857002258,不明,0.49039554595947266,不明,0.41524335741996765
H3M,"Utterance(participant='H3M', tokens=[Token(word='無理', pos=None, mor=None, gra=None), Token(word='.', pos=None, mor=None, gra=None)], time_marks=(736699, 740973), tiers={'H3M': '無理 . \x15736699_740973\x15', '%ort': 'muri .'})",不明,0.5372062921524048,不明,0.4858580231666565,不明,0.41226303577423096
H3M,"Utterance(participant='H3M', tokens=[Token(word='俺そんな元気無い', pos=None, mor=None, gra=None), Token(word='.', pos=None, mor=None, gra=None)], time_marks=(736699, 740973), tiers={'H3M': '俺そんな元気無い . \x15736699_740973\x15', '%ort': 'ore sonna genki nai .'})",不明,0.49728819727897644,不明,0.459933876991272,不明,0.4068703055381775
L3F,"Utterance(participant='L3F', tokens=[Token(word='熱く語ってくれて良いよ', pos=None, mor=None, gra=None), Token(word='.', pos=None, mor=None, gra=None)], time_marks=(736699, 740973), tiers={'L3F': '熱く語ってくれて良いよ . \x15736699_740973\x15', '%ort': 'atsuku katatte kurete ii yo .'})",スペシャリスト,0.6698014736175537,リソース探究者,0.5687797665596008,不明,0.5055332183837891
H3M,"Utterance(participant='H3M', tokens=[Token(word='そんな無いもん', pos=None, mor=None, gra=None), Token(word=',', pos=None, mor=None, gra=None), Token(word='俺', pos=None, mor=None, gra=None), Token(word='.', pos=None, mor=None, gra=None)], time_marks=(740871, 745034), tiers={'H3M': 'そんな無いもん, 俺 . \x15740871_745034\x15', '%ort': 'sonna nai mon „ ore .'})",不明,0.4981287121772766,不明,0.4954572319984436,不明,0.4360562264919281
H3M,"Utterance(participant='H3M', tokens=[Token(word='異性に求める', pos=None, mor=None, gra=None), Token(word='...', pos=None, mor=None, gra=None)], time_marks=None, tiers={'H3M': '異性に求める +...', '%ort': 'isee ni motome(ru) +...'})",スペシャリスト,0.6072433590888977,不明,0.5252110362052917,不明,0.527847409248352
H3M,"Utterance(participant='H3M', tokens=[Token(word='あるわ', pos=None, mor=None, gra=None), Token(word='.', pos=None, mor=None, gra=None)], time_marks=(740871, 745034), tiers={'H3M': 'あるわ . \x15740871_745034\x15', '%ort': 'aru wa .'})",スペシャリスト,0.5542889833450317,不明,0.5165947675704956,不明,0.408110648393631
H3M,"Utterance(participant='H3M', tokens=[Token(word='目が大きいね', pos=None, mor=None, gra=None), Token(word='.', pos=None, mor=None, gra=None)], time_marks=(740871, 745034), tiers={'H3M': '目が大きいね . \x15740871_745034\x15', '%ort': 'me ga ookii ne .'})",スペシャリスト,0.5818665623664856,不明,0.4966588020324707,不明,0.42723751068115234
G3M,"Utterance(participant='G3M', tokens=[Token(word='それ結局見た目の話でしょう', pos=None, mor=None, gra=None), Token(word='.', pos=None, mor=None, gra=None)], time_marks=(745032, 749575), tiers={'G3M': 'それ結局見た目の話でしょう . \x15745032_749575\x15', '%ort': 'sore kekkyoku mita me no hanashi desho(o) .'})",プラント,0.5780314803123474,不明,0.5147905945777893,不明,0.5159692764282227
H3M,"Utterance(participant='H3M', tokens=[Token(word='見た目の話だよ', pos=None, mor=None, gra=None), Token(word='.', pos=None, mor=None, gra=None)], time_marks=(745032, 749575), tiers={'H3M': '見た目の話だよ . \x15745032_749575\x15', '%ort': 'mita me no hanashi da yo .'})",プラント,0.5695186853408813,不明,0.5404173135757446,不明,0.4964240491390228
G3M,"Utterance(participant='G3M', tokens=[Token(word='可愛いって話でしょう', pos=None, mor=None, gra=None), Token(word='.', pos=None, mor=None, gra=None)], time_marks=(745032, 749575), tiers={'G3M': '可愛いって話でしょう . \x15745032_749575\x15', '%ort': 'kawaii tte hanashi desho(o) .'})",プラント,0.6073453426361084,リソース探究者,0.5843069553375244,不明,0.5182033777236938
H3M,"Utterance(participant='H3M', tokens=[Token(word='でも別に目が大きいからって可愛いって訳じゃないよね', pos=None, mor=None, gra=None), Token(word='.', pos=None, mor=None, gra=None)], time_marks=(749574, 753145), tiers={'H3M': 'でも別に目が大きいからって可愛いって訳じゃないよね . \x15749574_753145\x15', '%ort': 'demo betsu ni me ga ookii kara tte kawaii tte wake janai yo ne .'})",スペシャリスト,0.56828773021698,不明,0.517478346824646,不明,0.4633769989013672
G3M,"Utterance(participant='G3M', tokens=[Token(word='あっまあね', pos=None, mor=None, gra=None), Token(word='.', pos=None, mor=None, gra=None)], time_marks=(749574, 753145), tiers={'G3M': 'あっまあね . \x15749574_753145\x15', '%ort': 'a maa ne .'})",不明,0.5247164964675903,不明,0.4959102272987366,不明,0.3918120861053467
H3M,"Utterance(participant='H3M', tokens=[Token(word='異性に求める条件', pos=None, mor=None, gra=None), Token(word='.', pos=None, mor=None, gra=None)], time_marks=(753144, 756381), tiers={'H3M': '異性に求める条件 . \x15753144_756381\x15', '%ort': 'isee ni motomeru jooken .'})",スペシャリスト,0.600303053855896,不明,0.5485025644302368,不明,0.5176311135292053
G3M,"Utterance(participant='G3M', tokens=[Token(word='でもパーツ一つ一つ言ってたらさ', pos=None, mor=None, gra=None), Token(word='...', pos=None, mor=None, gra=None)], time_marks=(756381, 760987), tiers={'G3M': 'でもパーツ一つ一つ言ってたらさ +... \x15756381_760987\x15', '%ort': 'demo paatsu hitotsu hitotsu ittet:ara saa +...'})",スペシャリスト,0.5726040601730347,不明,0.5299235582351685,不明,0.4724782407283783
H3M,"Utterance(participant='H3M', tokens=[Token(word='切りが無いよね', pos=None, mor=None, gra=None), Token(word='.', pos=None, mor=None, gra=None)], time_marks=(756381, 760987), tiers={'H3M': '++ 切りが無いよね . \x15756381_760987\x15', '%ort': '++ kiri ga nai yo ne .'})",不明,0.5374486446380615,不明,0.48310303688049316,不明,0.4168524742126465
G3M,"Utterance(participant='G3M', tokens=[Token(word='切りが無い', pos=None, mor=None, gra=None), Token(word='.', pos=None, mor=None, gra=None)], time_marks=(756381, 760987), tiers={'G3M': '++ 切りが無い . \x15756381_760987\x15', '%ort': '++ kiri ga nai .'})",不明,0.4971783757209778,不明,0.4626622200012207,不明,0.4228971600532532
L3F,"Utterance(participant='L3F', tokens=[Token(word='誰か出来上がるんじゃない', pos=None, mor=None, gra=None), Token(word='?', pos=None, mor=None, gra=None)], time_marks=(760986, 763150), tiers={'L3F': '誰か出来上がるんじゃない ? \x15760986_763150\x15', '%ort': 'dareka dekiagaru n janai ?'})",不明,0.4942103326320648,不明,0.4837009310722351,不明,0.4366965889930725
G3M,"Utterance(participant='G3M', tokens=[Token(word='理想像が出来上がるね', pos=None, mor=None, gra=None), Token(word='.', pos=None, mor=None, gra=None)], time_marks=(763149, 766893), tiers={'G3M': '理想像が出来上がるね . \x15763149_766893\x15', '%ort': 'risoozoo ga dekiagaru ne .'})",スペシャリスト,0.5558023452758789,不明,0.5231873989105225,不明,0.45138242840766907
K3F,"Utterance(participant='K3F', tokens=[Token(word='理想像が出来上がるね', pos=None, mor=None, gra=None), Token(word='.', pos=None, mor=None, gra=None)], time_marks=(763149, 766893), tiers={'K3F': '理想像が出来上がるね . \x15763149_766893\x15', '%ort': 'risoozoo ga dekiagaru ne .'})",スペシャリスト,0.5715193748474121,不明,0.5273264646530151,不明,0.46306395530700684
H3M,"Utterance(participant='H3M', tokens=[Token(word='シー', pos=None, mor=None, gra=None), Token(word='.', pos=None, mor=None, gra=None)], time_marks=(763149, 766892), tiers={'H3M': 'シー@i . \x15763149_766892\x15', '%ort': 'shii@i .'})",不明,0.5397282242774963,不明,0.5079439282417297,不明,0.4101039171218872
ALL,"Utterance(participant='ALL', tokens=[Token(word='.', pos=None, mor=None, gra=None)], time_marks=(766891, 772797), tiers={'ALL': '&=laugh . \x15766891_772797\x15', '%ort': '&=laugh .'})",不明,0.5359117984771729,不明,0.4864886999130249,不明,0.41363561153411865
H3M,"Utterance(participant='H3M', tokens=[Token(word='気が合えば何でも良いわ', pos=None, mor=None, gra=None), Token(word=',', pos=None, mor=None, gra=None), Token(word='俺', pos=None, mor=None, gra=None), Token(word='.', pos=None, mor=None, gra=None)], time_marks=(772797, 777199), tiers={'H3M': '気が合えば何でも良いわ, 俺 . \x15772797_777199\x15', '%ort': 'ki ga aeba nan demo ii wa „ ore .'})",スペシャリスト,0.5865594148635864,不明,0.5293585658073425,不明,0.5212230682373047
K3F,"Utterance(participant='K3F', tokens=[Token(word='誰でも良い', pos=None, mor=None, gra=None), Token(word='?', pos=None, mor=None, gra=None)], time_marks=(777199, 781241), tiers={'K3F': '誰でも良い ? \x15777199_781241\x15', '%ort': 'dare demo ii ?'})",不明,0.5179532766342163,不明,0.44760072231292725,不明,0.40504157543182373
H3M,"Utterance(participant='H3M', tokens=[Token(word='気が合えば', pos=None, mor=None, gra=None), Token(word='.', pos=None, mor=None, gra=None)], time_marks=(777199, 781241), tiers={'H3M': '気が合えば . \x15777199_781241\x15', '%ort': 'ki ga aeba .'})",スペシャリスト,0.5881516933441162,不明,0.5235912799835205,不明,0.46994736790657043
G3M,"Utterance(participant='G3M', tokens=[Token(word='でも何かある程度さ見た目は必要でしょう', pos=None, mor=None, gra=None), Token(word='.', pos=None, mor=None, gra=None)], time_marks=(781240, 786180), tiers={'G3M': 'でも何かある程度さ見た目は必要でしょう . \x15781240_786180\x15', '%ort': 'demo nanka aru teedo saa mita me wa hitsuyoo desho(o) .'})",スペシャリスト,0.5816555619239807,不明,0.517363429069519,不明,0.5405766367912292
H3M,"Utterance(participant='H3M', tokens=[Token(word='まあね', pos=None, mor=None, gra=None), Token(word='.', pos=None, mor=None, gra=None)], time_marks=(781240, 786180), tiers={'H3M': 'まあね . \x15781240_786180\x15', '%ort': 'maa ne .'})",不明,0.5404132604598999,不明,0.4920477271080017,不明,0.3990435004234314
H3M,"Utterance(participant='H3M', tokens=[Token(word='ある程度の容姿があって気が合えば誰でも良い', pos=None, mor=None, gra=None), Token(word='.', pos=None, mor=None, gra=None)], time_marks=(786178, 790950), tiers={'H3M': 'ある程度の容姿があって気が合えば誰でも良い . \x15786178_790950\x15', '%ort': 'aru teedo no yooshi ga atte ki ga aeba dare de mo ii .'})",スペシャリスト,0.5869516134262085,不明,0.510473370552063,不明,0.4845716059207916
K3F,"Utterance(participant='K3F', tokens=[Token(word='ふうん', pos=None, mor=None, gra=None), Token(word='.', pos=None, mor=None, gra=None)], time_marks=(786178, 790950), tiers={'K3F': 'ふうん@i . \x15786178_790950\x15', '%ort': 'fuun .'})",スペシャリスト,0.5774993300437927,不明,0.474861741065979,不明,0.41420280933380127
H3M,"Utterance(participant='H3M', tokens=[Token(word='自分の気が許せれば', pos=None, mor=None, gra=None), Token(word='.', pos=None, mor=None, gra=None)], time_marks=(790949, 792684), tiers={'H3M': '自分の気が許せれば . \x15790949_792684\x15', '%ort': 'jibun no ki ga yurusereba .'})",スペシャリスト,0.5582653284072876,不明,0.5187391042709351,不明,0.5049415826797485
G3M,"Utterance(participant='G3M', tokens=[Token(word='何', pos=None, mor=None, gra=None), Token(word=',', pos=None, mor=None, gra=None), Token(word='気が許せるって', pos=None, mor=None, gra=None), Token(word='?', pos=None, mor=None, gra=None)], time_marks=(792684, 797685), tiers={'G3M': '何, 気が許せるって ? \x15792684_797685\x15', '%ort': 'nani „ ki ga yuruseru tte ?'})",不明,0.5391366481781006,不明,0.5027585625648499,不明,0.5434520244598389
G3M,"Utterance(participant='G3M', tokens=[Token(word='そう言う性格的に気が', pos=None, mor=None, gra=None), Token(word='許せるならって事', pos=None, mor=None, gra=None), Token(word='?', pos=None, mor=None, gra=None)], time_marks=(792684, 797685), tiers={'G3M': 'そう言う性格的に気が (.) 許せるならって事 ? \x15792684_797685\x15', '%ort': 'sooiu seekakuteki ni ki ga (.) yuruseru nara tte koto ?'})",スペシャリスト,0.5841938257217407,不明,0.5436898469924927,不明,0.5432628393173218
H3M,"Utterance(participant='H3M', tokens=[Token(word='うん', pos=None, mor=None, gra=None), Token(word='.', pos=None, mor=None, gra=None)], time_marks=(792684, 797685), tiers={'H3M': 'うん . \x15792684_797685\x15', '%ort': 'un .'})",不明,0.5461809635162354,不明,0.4942682981491089,不明,0.39992839097976685
K3F,"Utterance(participant='K3F', tokens=[Token(word='見つかると良いね', pos=None, mor=None, gra=None), Token(word='.', pos=None, mor=None, gra=None)], time_marks=(797684, 799361), tiers={'K3F': '見つかると良いね . \x15797684_799361\x15', '%ort': 'mitsukaru to ii ne .'})",不明,0.5491174459457397,不明,0.4710478186607361,不明,0.4460626542568207
H3M,"Utterance(participant='H3M', tokens=[Token(word='うん夏休みまでに', pos=None, mor=None, gra=None), Token(word='.', pos=None, mor=None, gra=None)], time_marks=(799361, 807405), tiers={'H3M': 'うん夏休みまでに . \x15799361_807405\x15', '%ort': 'un natsuyasumi made ni .'})",不明,0.5239644646644592,不明,0.4656900465488434,不明,0.4364367127418518
G3M,"Utterance(participant='G3M', tokens=[Token(word='目茶さ顔は普通ぐらいでさ目茶性格が合うさデブが居たらさ良いの', pos=None, mor=None, gra=None), Token(word='?', pos=None, mor=None, gra=None)], time_marks=(799361, 807405), tiers={'G3M': '目茶さ顔は普通ぐらいでさ目茶性格が合うさデブが居たらさ良いの ? \x15799361_807405\x15', '%ort': 'metcha sa kao wa futsuu gurai de saa metcha seekaku ga au saa debu ga itara saa ii no ?'})",プラント,0.5512357354164124,不明,0.5084547996520996,不明,0.44211483001708984
H3M,"Utterance(participant='H3M', tokens=[Token(word='デブはいかんなあ', pos=None, mor=None, gra=None), Token(word='.', pos=None, mor=None, gra=None)], time_marks=(807404, 812572), tiers={'H3M': '<デブはいかんなあ> [/] デブはいかんなあ . \x15807404_812572\x15', '%ort': '<debu wa ikan naa> [/] debu wa ikan naa .'})",不明,0.5489819645881653,不明,0.5176966190338135,不明,0.4021441340446472
H3M,"Utterance(participant='H3M', tokens=[Token(word='やめよ', pos=None, mor=None, gra=None), Token(word='.', pos=None, mor=None, gra=None)], time_marks=(807404, 812572), tiers={'H3M': 'やめよ . \x15807404_812572\x15', '%ort': 'yameyo(o) .'})",不明,0.4598435163497925,不明,0.45115926861763,不明,0.4273320734500885
ALL,"Utterance(participant='ALL', tokens=[Token(word='.', pos=None, mor=None, gra=None)], time_marks=(807404, 812572), tiers={'ALL': '&=laugh . \x15807404_812572\x15', '%ort': '&=laugh .'})",不明,0.5244017839431763,不明,0.4906122386455536,不明,0.4108280539512634
H3M,"Utterance(participant='H3M', tokens=[Token(word='良くないもんね', pos=None, mor=None, gra=None), Token(word='.', pos=None, mor=None, gra=None)], time_marks=(812571, 814563), tiers={'H3M': '良くないもんね . \x15812571_814563\x15', '%ort': 'yoku nai mon ne .'})",不明,0.5436947345733643,不明,0.4831700921058655,不明,0.4086816608905792
K3F,"Utterance(participant='K3F', tokens=[Token(word='うん', pos=None, mor=None, gra=None), Token(word='.', pos=None, mor=None, gra=None)], time_marks=(812571, 814563), tiers={'K3F': 'うん . \x15812571_814563\x15', '%ort': 'un .'})",不明,0.5467424392700195,不明,0.5020436644554138,不明,0.43504446744918823
L3F,"Utterance(participant='L3F', tokens=[Token(word='デブ駄目なの', pos=None, mor=None, gra=None), Token(word='?', pos=None, mor=None, gra=None)], time_marks=(814562, 817305), tiers={'L3F': 'デブ駄目なの ? \x15814562_817305\x15', '%ort': 'debu dame na no ?'})",不明,0.5206601619720459,不明,0.5196898579597473,不明,0.4239066541194916
H3M,"Utterance(participant='H3M', tokens=[Token(word='うん', pos=None, mor=None, gra=None), Token(word='.', pos=None, mor=None, gra=None)], time_marks=(814562, 817305), tiers={'H3M': 'うん . \x15814562_817305\x15', '%ort': 'un .'})",スペシャリスト,0.552258312702179,不明,0.5121176242828369,不明,0.4079960882663727
H3M,"Utterance(participant='H3M', tokens=[Token(word='結構行けないよね', pos=None, mor=None, gra=None), Token(word='.', pos=None, mor=None, gra=None)], time_marks=(817304, 818508), tiers={'H3M': '結構行けないよね . \x15817304_818508\x15', '%ort': 'kekkoo ikan [: ikenai] yo ne: .'})",スペシャリスト,0.556786298751831,不明,0.5104956030845642,不明,0.44895628094673157
K3F,"Utterance(participant='K3F', tokens=[Token(word='顔が目茶可愛かったら', pos=None, mor=None, gra=None), Token(word=',', pos=None, mor=None, gra=None), Token(word='じゃ', pos=None, mor=None, gra=None), Token(word='?', pos=None, mor=None, gra=None)], time_marks=(818508, 824713), tiers={'K3F': '顔が目茶可愛かったら, じゃ ? \x15818508_824713\x15', '%ort': 'kao ga metcha kawaikattara „ ja: ?'})",不明,0.5285882949829102,不明,0.503591775894165,不明,0.44504889845848083
H3M,"Utterance(participant='H3M', tokens=[Token(word='居るよね', pos=None, mor=None, gra=None), Token(word='.', pos=None, mor=None, gra=None)], time_marks=(818508, 824713), tiers={'H3M': '居るよね . \x15818508_824713\x15', '%ort': 'iru yo ne .'})",不明,0.5302231311798096,不明,0.5089964866638184,不明,0.4334682822227478
L3F,"Utterance(participant='L3F', tokens=[Token(word='絶対痩せたら可愛くなるって言う子', pos=None, mor=None, gra=None), Token(word='.', pos=None, mor=None, gra=None)], time_marks=(818508, 824713), tiers={'L3F': '絶対痩せたら可愛くなるって言う子 . \x15818508_824713\x15', '%ort': 'zettai yasetara kawaiku naru tte iu ko .'})",不明,0.5417473912239075,不明,0.5161484479904175,不明,0.48485374450683594
H3M,"Utterance(participant='H3M', tokens=[Token(word='居るよね', pos=None, mor=None, gra=None), Token(word='.', pos=None, mor=None, gra=None)], time_marks=(818508, 824713), tiers={'H3M': '居るよね . \x15818508_824713\x15', '%ort': 'iru yo ne .'})",不明,0.5302231311798096,不明,0.5089964866638184,不明,0.4334682822227478
H3M,"Utterance(participant='H3M', tokens=[Token(word='無いよ', pos=None, mor=None, gra=None), Token(word=',', pos=None, mor=None, gra=None), Token(word='ちょっと', pos=None, mor=None, gra=None), Token(word='.', pos=None, mor=None, gra=None)], time_marks=(824712, 835433), tiers={'H3M': '無いよ, ちょっと . \x15824712_835433\x15', '%ort': 'nai yo „ chotto .'})",不明,0.520339846611023,不明,0.5199241638183594,不明,0.4330958127975464
H3M,"Utterance(participant='H3M', tokens=[Token(word='明らかにちょっと', pos=None, mor=None, gra=None), Token(word='...', pos=None, mor=None, gra=None)], time_marks=(824712, 835433), tiers={'H3M': '明らかにちょっと +... \x15824712_835433\x15', '%ort': 'akiraka ni chotto +...'})",不明,0.5346606969833374,不明,0.4933941662311554,不明,0.40367645025253296
K3F,"Utterance(participant='K3F', tokens=[Token(word='考えちゃう', pos=None, mor=None, gra=None), Token(word='?', pos=None, mor=None, gra=None)], time_marks=(824712, 835433), tiers={'K3F': '考えちゃう ? \x15824712_835433\x15', '%ort': 'kangaechau ?'})",不明,0.5206087231636047,不明,0.4662318229675293,不明,0.418978214263916
H3M,"Utterance(participant='H3M', tokens=[Token(word='うんやっぱり自分の好みの方にね行くと思う', pos=None, mor=None, gra=None), Token(word='.', pos=None, mor=None, gra=None)], time_marks=(824712, 835433), tiers={'H3M': 'うんやっぱり自分の好みの方にね行くと思う . \x15824712_835433\x15', '%ort': 'un yappa [: yappari] jibun no konomi no hoo ni ne iku to omou .'})",スペシャリスト,0.5757966637611389,不明,0.5253030061721802,不明,0.4791775941848755
H3M,"Utterance(participant='H3M', tokens=[Token(word='そこは妥協したくない', pos=None, mor=None, gra=None), Token(word=',', pos=None, mor=None, gra=None), Token(word='俺', pos=None, mor=None, gra=None), Token(word='.', pos=None, mor=None, gra=None)], time_marks=(835431, 838497), tiers={'H3M': '<妥協> [//] そこは妥協したくない, 俺 . \x15835431_838497\x15', '%ort': 'dakyoo [//] soko wa dakyoo shitaku nai „ ore .'})",スペシャリスト,0.5575278401374817,不明,0.5118947625160217,不明,0.4871496558189392
H3M,"Utterance(participant='H3M', tokens=[Token(word='絶対駄目なタイプない', pos=None, mor=None, gra=None), Token(word=',', pos=None, mor=None, gra=None), Token(word='絶対駄目なタイプ', pos=None, mor=None, gra=None), Token(word='?', pos=None, mor=None, gra=None)], time_marks=(837731, 844107), tiers={'H3M': '絶対駄目なタイプない, 絶対駄目なタイプ ? \x15837731_844107\x15', '%ort': 'zettai dame na taipu nai „ zettai dame na taipu ?'})",スペシャリスト,0.557920515537262,不明,0.5090753436088562,不明,0.4373477101325989
K3F,"Utterance(participant='K3F', tokens=[Token(word='絶対駄目なタイプ', pos=None, mor=None, gra=None), Token(word='?', pos=None, mor=None, gra=None)], time_marks=(837731, 844107), tiers={'K3F': '絶対駄目なタイプ ? \x15837731_844107\x15', '%ort': 'zettai dame na taipu ?'})",スペシャリスト,0.5517170429229736,不明,0.4717092216014862,不明,0.42523810267448425
K3F,"Utterance(participant='K3F', tokens=[Token(word='ナヨナヨ', pos=None, mor=None, gra=None), Token(word='してる', pos=None, mor=None, gra=None), Token(word='.', pos=None, mor=None, gra=None)], time_marks=(844141, 845771), tiers={'K3F': 'ナヨナヨ@o してる . \x15844141_845771\x15', '%ort': 'nayonayo shiteru .'})",不明,0.5478248000144958,不明,0.5217413902282715,不明,0.44875359535217285
H3M,"Utterance(participant='H3M', tokens=[Token(word='何', pos=None, mor=None, gra=None), Token(word=',', pos=None, mor=None, gra=None), Token(word='それ', pos=None, mor=None, gra=None), Token(word='?', pos=None, mor=None, gra=None)], time_marks=(845769, 850247), tiers={'H3M': '何, それ ? \x15845769_850247\x15', '%ort': 'nani „ sore ?'})",スペシャリスト,0.5509623885154724,不明,0.534343957901001,不明,0.4488464593887329
H3M,"Utterance(participant='H3M', tokens=[Token(word='モヤシみたいな奴って事', pos=None, mor=None, gra=None), Token(word='?', pos=None, mor=None, gra=None)], time_marks=(845769, 850247), tiers={'H3M': 'モヤシみたいな奴って事 ? \x15845769_850247\x15', '%ort': 'moyashi mitai na yatsu tte koto ?'})",不明,0.4943181276321411,不明,0.41922226548194885,不明,0.3472409248352051
G3M,"Utterance(participant='G3M', tokens=[Token(word='見た目の話', pos=None, mor=None, gra=None), Token(word='?', pos=None, mor=None, gra=None)], time_marks=(850246, 851604), tiers={'G3M': '見た目の話 ? \x15850246_851604\x15', '%ort': 'mita me no hanashi ?'})",不明,0.528977632522583,不明,0.48258382081985474,不明,0.4648193120956421
L3F,"Utterance(participant='L3F', tokens=[Token(word='女々しい感じの事でしょう', pos=None, mor=None, gra=None), Token(word='?', pos=None, mor=None, gra=None)], time_marks=(850246, 852879), tiers={'L3F': '女々しい感じの事でしょう ? \x15850246_852879\x15', '%ort': 'memeshii kanji no koto desho(o) ?'})",不明,0.5246403217315674,不明,0.48589974641799927,不明,0.39147570729255676
K3F,"Utterance(participant='K3F', tokens=[Token(word='うんそう', pos=None, mor=None, gra=None), Token(word='.', pos=None, mor=None, gra=None)], time_marks=(850246, 852879), tiers={'K3F': 'うんそう . \x15850246_852879\x15', '%ort': 'un soo .'})",不明,0.5202773809432983,不明,0.48103344440460205,不明,0.39304763078689575
K3F,"Utterance(participant='K3F', tokens=[Token(word='性格的に', pos=None, mor=None, gra=None), Token(word='.', pos=None, mor=None, gra=None)], time_marks=(850246, 852879), tiers={'K3F': '性格的に . \x15850246_852879\x15', '%ort': 'seekakuteki ni .'})",スペシャリスト,0.5841568112373352,不明,0.5148117542266846,不明,0.4661831259727478
G3M,"Utterance(participant='G3M', tokens=[Token(word='あっ', pos=None, mor=None, gra=None), Token(word='.', pos=None, mor=None, gra=None)], time_marks=(850246, 852879), tiers={'G3M': 'あっ . \x15850246_852879\x15', '%ort': 'a: .'})",不明,0.5016477108001709,不明,0.47702258825302124,不明,0.38762563467025757
K3F,"Utterance(participant='K3F', tokens=[Token(word='あと面白くない', pos=None, mor=None, gra=None), Token(word='.', pos=None, mor=None, gra=None)], time_marks=(852878, 855806), tiers={'K3F': 'あと面白くない . \x15852878_855806\x15', '%ort': 'ato omoshiroku nai .'})",不明,0.49359196424484253,不明,0.4600057601928711,不明,0.4418500065803528
H3M,"Utterance(participant='H3M', tokens=[Token(word='良かった', pos=None, mor=None, gra=None), Token(word='.', pos=None, mor=None, gra=None)], time_marks=(855805, 859949), tiers={'H3M': '良かった . \x15855805_859949\x15', '%ort': 'yokatta .'})",不明,0.5401197075843811,不明,0.4820443391799927,不明,0.3919863998889923
H3M,"Utterance(participant='H3M', tokens=[Token(word='俺外れた', pos=None, mor=None, gra=None), Token(word='.', pos=None, mor=None, gra=None)], time_marks=(855805, 859949), tiers={'H3M': '俺外れた . \x15855805_859949\x15', '%ort': 'ore hazureta .'})",不明,0.5238270163536072,不明,0.5076034069061279,不明,0.42209458351135254
L3F,"Utterance(participant='L3F', tokens=[Token(word='運動神経悪い', pos=None, mor=None, gra=None), Token(word='?', pos=None, mor=None, gra=None)], time_marks=(855805, 859949), tiers={'L3F': '運動神経悪い ? \x15855805_859949\x15', '%ort': 'undooshinkee warui ?'})",不明,0.5166701078414917,不明,0.4869258999824524,不明,0.4369688034057617
K3F,"Utterance(participant='K3F', tokens=[Token(word='運動神経が悪い絶対嫌だ', pos=None, mor=None, gra=None), Token(word='.', pos=None, mor=None, gra=None)], time_marks=(859251, 861924), tiers={'K3F': '運動神経が悪い絶対嫌だ . \x15859251_861924\x15', '%ort': 'undooshinkee ga warui zettai iya da .'})",不明,0.4885751008987427,不明,0.45379459857940674,不明,0.43534067273139954
H3M,"Utterance(participant='H3M', tokens=[Token(word='自分が良過ぎるんじゃないの', pos=None, mor=None, gra=None), Token(word='?', pos=None, mor=None, gra=None)], time_marks=(860945, 865022), tiers={'H3M': '自分が良過ぎるんじゃないの ? \x15860945_865022\x15', '%ort': 'jibun ga yosugiru n janai no ?'})",不明,0.5485791563987732,不明,0.5099478960037231,不明,0.4337921142578125
K3F,"Utterance(participant='K3F', tokens=[Token(word='違うよ', pos=None, mor=None, gra=None), Token(word='.', pos=None, mor=None, gra=None)], time_marks=(860945, 865022), tiers={'K3F': '違うよ . \x15860945_865022\x15', '%ort': 'chigau yo .'})",不明,0.5347377061843872,不明,0.4975321292877197,不明,0.41921940445899963
K3F,"Utterance(participant='K3F', tokens=[Token(word='そう言う問題じゃないよ', pos=None, mor=None, gra=None), Token(word='.', pos=None, mor=None, gra=None)], time_marks=(860945, 865022), tiers={'K3F': 'そう言う問題じゃないよ . \x15860945_865022\x15', '%ort': 'sooiu mondai janai yo .'})",不明,0.5245286822319031,不明,0.49972236156463623,不明,0.4617738127708435
G3M,"Utterance(participant='G3M', tokens=[Token(word='運動神経が良いのが良いのか普通でも良いのか', pos=None, mor=None, gra=None), Token(word='?', pos=None, mor=None, gra=None)], time_marks=(865021, 871558), tiers={'G3M': '運動神経が良いのが良いのか普通でも良いのか ? \x15865021_871558\x15', '%ort': 'undooshinkee ga ii no ga ii no ka futsuu demo ii no ka ?'})",スペシャリスト,0.5619010925292969,不明,0.518276572227478,不明,0.4611942768096924
K3F,"Utterance(participant='K3F', tokens=[Token(word='普通に何でも出来る', pos=None, mor=None, gra=None), Token(word='.', pos=None, mor=None, gra=None)], time_marks=(865021, 871558), tiers={'K3F': '普通に何でも出来る . \x15865021_871558\x15', '%ort': 'futsuu ni nan demo dekiru .'})",不明,0.530587911605835,不明,0.5255693197250366,不明,0.4985640048980713
G3M,"Utterance(participant='G3M', tokens=[Token(word='普通に何でも出来る', pos=None, mor=None, gra=None), Token(word='.', pos=None, mor=None, gra=None)], time_marks=(870754, 873800), tiers={'G3M': '普通に何でも出来る . \x15870754_873800\x15', '%ort': 'futsuu ni nan demo dekiru .'})",不明,0.5071187019348145,不明,0.5162590742111206,不明,0.4776111841201782
G3M,"Utterance(participant='G3M', tokens=[Token(word='それ良いって言うよね', pos=None, mor=None, gra=None), Token(word='.', pos=None, mor=None, gra=None)], time_marks=(870754, 873800), tiers={'G3M': 'それ良いって言うよね . \x15870754_873800\x15', '%ort': 'sore ii tte iu yo ne .'})",不明,0.5413858890533447,不明,0.5237724184989929,不明,0.4627911448478699
L3F,"Utterance(participant='L3F', tokens=[Token(word='それイコール良いって言う', pos=None, mor=None, gra=None), Token(word='.', pos=None, mor=None, gra=None)], time_marks=(870754, 873800), tiers={'L3F': 'それイコール良いって言う . \x15870754_873800\x15', '%ort': 'sore ikooru ii tte iu .'})",スペシャリスト,0.5504927635192871,リソース探究者,0.5500578880310059,不明,0.5023610591888428
K3F,"Utterance(participant='K3F', tokens=[Token(word='そう言われれば', pos=None, mor=None, gra=None), Token(word='そう', pos=None, mor=None, gra=None), Token(word='.', pos=None, mor=None, gra=None)], time_marks=(873163, 875166), tiers={'K3F': 'そう言われれば <そう> [/] そう . \x15873163_875166\x15', '%ort': 'soo iwareya [: iwarereba ] soo [/] soo .'})",スペシャリスト,0.571435809135437,リソース探究者,0.5530740022659302,不明,0.5214773416519165
H3M,"Utterance(participant='H3M', tokens=[Token(word='ほーん', pos=None, mor=None, gra=None), Token(word='ほ', pos=None, mor=None, gra=None), Token(word='.', pos=None, mor=None, gra=None)], time_marks=(874873, 882169), tiers={'H3M': 'ほーん@i <ほ@i> [/] ほ@i . \x15874873_882169\x15', '%ort': 'hoon@i ho [/] ho@i .'})",スペシャリスト,0.5639833211898804,不明,0.514130175113678,不明,0.4408676028251648
G3M,"Utterance(participant='G3M', tokens=[Token(word='うん', pos=None, mor=None, gra=None), Token(word='.', pos=None, mor=None, gra=None)], time_marks=(874873, 882169), tiers={'G3M': '<うん> [/] うん . \x15874873_882169\x15', '%ort': 'un [/] un .'})",不明,0.5005033016204834,不明,0.4919012784957886,不明,0.3939230740070343
L3F,"Utterance(participant='L3F', tokens=[Token(word='前から言ってるんだよね', pos=None, mor=None, gra=None), Token(word=',', pos=None, mor=None, gra=None), Token(word='それは', pos=None, mor=None, gra=None), Token(word='.', pos=None, mor=None, gra=None)], time_marks=(878543, 882875), tiers={'L3F': '前から言ってるんだよね, それは . \x15878543_882875\x15', '%ort': 'mae kara itteru n da yo ne „ sore wa .'})",プラント,0.5679898262023926,リソース探究者,0.5703657269477844,完遂者,0.5727363228797913
K3F,"Utterance(participant='K3F', tokens=[Token(word='うん', pos=None, mor=None, gra=None), Token(word='.', pos=None, mor=None, gra=None)], time_marks=(878543, 882875), tiers={'K3F': '<うん> [/] うん . \x15878543_882875\x15', '%ort': 'un [/] un .'})",不明,0.5270498394966125,不明,0.4990360736846924,不明,0.41050857305526733
H3M,"Utterance(participant='H3M', tokens=[Token(word='ほー', pos=None, mor=None, gra=None), Token(word='.', pos=None, mor=None, gra=None)], time_marks=(878543, 882875), tiers={'H3M': '<ほほ> [/] ほー@i . \x15878543_882875\x15', '%ort': 'ho [/] ho [/] hoo@i .'})",スペシャリスト,0.5645129680633545,不明,0.5115199089050293,不明,0.4151918888092041
G3M,"Utterance(participant='G3M', tokens=[Token(word='まあ頑張って', pos=None, mor=None, gra=None), Token(word='!', pos=None, mor=None, gra=None)], time_marks=(882874, 886576), tiers={'G3M': 'まあ頑張って &=laugh ! \x15882874_886576\x15', '%ort': 'maa gambatte &=laugh !'})",スペシャリスト,0.5589328408241272,不明,0.46900036931037903,不明,0.44570624828338623
K3F,"Utterance(participant='K3F', tokens=[Token(word='うん', pos=None, mor=None, gra=None), Token(word='頑張る', pos=None, mor=None, gra=None), Token(word='.', pos=None, mor=None, gra=None)], time_marks=(882874, 886576), tiers={'K3F': 'うん 頑張る . \x15882874_886576\x15', '%ort': 'un gambaru .'})",スペシャリスト,0.5817350149154663,不明,0.4938097596168518,不明,0.4506985545158386
G3M,"Utterance(participant='G3M', tokens=[Token(word='でもそう言う運動神経ってどうやって判断するの', pos=None, mor=None, gra=None), Token(word='?', pos=None, mor=None, gra=None)], time_marks=(886575, 894485), tiers={'G3M': 'でもそう言う運動神経ってどうやって判断するの ? \x15886575_894485\x15', '%ort': 'demo sooiu undooshinkee tte doo yatte handan suru no ?'})",不明,0.5379412770271301,不明,0.4853702187538147,不明,0.5091768503189087
G3M,"Utterance(participant='G3M', tokens=[Token(word='良いか悪いかでは判断出来ないでしょう', pos=None, mor=None, gra=None), Token(word='?', pos=None, mor=None, gra=None)], time_marks=(886575, 894485), tiers={'G3M': '良いか悪いかでは判断出来ないでしょう ? \x15886575_894485\x15', '%ort': 'ii ka warui ka de wa handan dekin [: dekinai] desho(o) ?'})",不明,0.5320974588394165,不明,0.48551076650619507,不明,0.470440149307251
K3F,"Utterance(participant='K3F', tokens=[Token(word='そう', pos=None, mor=None, gra=None), Token(word='.', pos=None, mor=None, gra=None)], time_marks=None, tiers={'K3F': 'そう .', '%ort': 'soo .'})",不明,0.5483657717704773,不明,0.5089457631111145,不明,0.45223361253738403
K3F,"Utterance(participant='K3F', tokens=[Token(word='だから難しいんだよ', pos=None, mor=None, gra=None), Token(word='.', pos=None, mor=None, gra=None)], time_marks=(886575, 894485), tiers={'K3F': 'だから難しいんだよ . \x15886575_894485\x15', '%ort': 'dakara muzukashii n da yo .'})",スペシャリスト,0.5584534406661987,不明,0.4752648174762726,不明,0.4228413999080658
G3M,"Utterance(participant='G3M', tokens=[Token(word='諦める', pos=None, mor=None, gra=None), Token(word='.', pos=None, mor=None, gra=None)], time_marks=(894484, 898696), tiers={'G3M': '諦める . \x15894484_898696\x15', '%ort': 'akirameru .'})",不明,0.520920991897583,不明,0.4780542254447937,不明,0.4066215753555298
K3F,"Utterance(participant='K3F', tokens=[Token(word='嫌だ', pos=None, mor=None, gra=None), Token(word='.', pos=None, mor=None, gra=None)], time_marks=(894484, 898696), tiers={'K3F': '嫌だ . \x15894484_898696\x15', '%ort': 'iya da .'})",不明,0.5364564657211304,不明,0.4808692932128906,不明,0.4164789021015167
L3F,"Utterance(participant='L3F', tokens=[Token(word='でも運動神経は要るんでしょう', pos=None, mor=None, gra=None), Token(word='?', pos=None, mor=None, gra=None)], time_marks=(894484, 898696), tiers={'L3F': 'でも運動神経は要るんでしょう ? \x15894484_898696\x15', '%ort': 'demo undooshinkee wa iru n deshoo ?'})",スペシャリスト,0.5614572763442993,不明,0.5090630650520325,不明,0.4536903500556946
K3F,"Utterance(participant='K3F', tokens=[Token(word='はい', pos=None, mor=None, gra=None), Token(word='.', pos=None, mor=None, gra=None)], time_marks=(898695, 903792), tiers={'K3F': '&=laugh はい . \x15898695_903792\x15', '%ort': '&=laugh ha:i .'})",不明,0.5328524708747864,不明,0.4865065813064575,不明,0.41831016540527344
G3M,"Utterance(participant='G3M', tokens=[Token(word='見た目はジャニーズ系が良いの', pos=None, mor=None, gra=None), Token(word='?', pos=None, mor=None, gra=None)], time_marks=(898695, 903792), tiers={'G3M': '見た目はジャニーズ系が良いの ? \x15898695_903792\x15', '%ort': 'mita me wa Janiizukee ga ii no ?'})",不明,0.5190789699554443,不明,0.4534897208213806,不明,0.45479264855384827
K3F,"Utterance(participant='K3F', tokens=[Token(word='別に', pos=None, mor=None, gra=None), Token(word='.', pos=None, mor=None, gra=None)], time_marks=(903791, 907391), tiers={'K3F': '別に . \x15903791_907391\x15', '%ort': 'betsu ni .'})",不明,0.5351040363311768,不明,0.484878808259964,不明,0.4497718811035156
G3M,"Utterance(participant='G3M', tokens=[Token(word='見た目は何でも良いの', pos=None, mor=None, gra=None), Token(word='?', pos=None, mor=None, gra=None)], time_marks=(903791, 907391), tiers={'G3M': '見た目は何でも良いの ? \x15903791_907391\x15', '%ort': 'mita me wa nan demo ii no ?'})",不明,0.5122151374816895,不明,0.439458966255188,不明,0.4331378936767578
K3F,"Utterance(participant='K3F', tokens=[Token(word='何でもじゃない', pos=None, mor=None, gra=None), Token(word='.', pos=None, mor=None, gra=None)], time_marks=(903791, 907391), tiers={'K3F': '何でもじゃない . \x15903791_907391\x15', '%ort': 'nan demo janai .'})",不明,0.5174012780189514,不明,0.4715721607208252,不明,0.4251284599304199
L3F,"Utterance(participant='L3F', tokens=[Token(word='難しいよね', pos=None, mor=None, gra=None), Token(word='.', pos=None, mor=None, gra=None)], time_marks=(907390, 912137), tiers={'L3F': '難しいよね . \x15907390_912137\x15', '%ort': 'muzukashii yo ne .'})",スペシャリスト,0.5814297199249268,不明,0.5000491142272949,不明,0.4786439538002014
H3M,"Utterance(participant='H3M', tokens=[Token(word='どんなのが良いの', pos=None, mor=None, gra=None), Token(word='?', pos=None, mor=None, gra=None)], time_marks=(912135, 913110), tiers={'H3M': 'どんなのが良いの ? \x15912135_913110\x15', '%ort': 'donna n(o) ga ii no ?'})",スペシャリスト,0.5526586771011353,不明,0.48128533363342285,不明,0.42353275418281555
K3F,"Utterance(participant='K3F', tokens=[Token(word='どんなの', pos=None, mor=None, gra=None), Token(word='?', pos=None, mor=None, gra=None)], time_marks=(913109, 915340), tiers={'K3F': 'どんなの ? \x15913109_915340\x15', '%ort': 'donna no ?'})",不明,0.5468507409095764,不明,0.4822496771812439,不明,0.41721057891845703
H3M,"Utterance(participant='H3M', tokens=[Token(word='うん', pos=None, mor=None, gra=None), Token(word='.', pos=None, mor=None, gra=None)], time_marks=(913109, 915340), tiers={'H3M': 'うん . \x15913109_915340\x15', '%ort': 'un .'})",不明,0.5467313528060913,不明,0.5081809163093567,不明,0.40412449836730957
K3F,"Utterance(participant='K3F', tokens=[Token(word='どんなの', pos=None, mor=None, gra=None), Token(word='?', pos=None, mor=None, gra=None)], time_marks=(915339, 917643), tiers={'K3F': '<どんなの> [/] どんなの ? \x15915339_917643\x15', '%ort': '<donna n(o)> [/] donna n(o) ?'})",スペシャリスト,0.5587913990020752,不明,0.5029656291007996,不明,0.4387771189212799
L3F,"Utterance(participant='L3F', tokens=[Token(word='見た目', pos=None, mor=None, gra=None), Token(word='?', pos=None, mor=None, gra=None)], time_marks=(917642, 920182), tiers={'L3F': '見た目 ? \x15917642_920182\x15', '%ort': 'mita me ?'})",不明,0.5020709037780762,不明,0.429025799036026,不明,0.4191538095474243
L3F,"Utterance(participant='L3F', tokens=[Token(word='だって見た目に', pos=None, mor=None, gra=None), Token(word='.', pos=None, mor=None, gra=None)], time_marks=(917642, 920182), tiers={'L3F': 'だって見た目に . \x15917642_920182\x15', '%ort': 'datte mita me ni .'})",不明,0.5301355719566345,不明,0.47707077860832214,不明,0.4652993977069855
G3M,"Utterance(participant='G3M', tokens=[Token(word='別に見た目ね', pos=None, mor=None, gra=None), Token(word='.', pos=None, mor=None, gra=None)], time_marks=(920182, 924450), tiers={'G3M': '別に見た目ね . \x15920182_924450\x15', '%ort': 'betsu ni mita me ne .'})",不明,0.4899635910987854,不明,0.4654122591018677,不明,0.47522294521331787
H3M,"Utterance(participant='H3M', tokens=[Token(word='本当に拘らないの', pos=None, mor=None, gra=None), Token(word=',', pos=None, mor=None, gra=None), Token(word='女って', pos=None, mor=None, gra=None), Token(word='?', pos=None, mor=None, gra=None)], time_marks=(920182, 924450), tiers={'H3M': '本当に拘らないの, 女って ? \x15920182_924450\x15', '%ort': 'hontoo ni kodawar(a)nai no „ onna tte ?'})",不明,0.48375368118286133,不明,0.5002050399780273,不明,0.4226802587509155
H3M,"Utterance(participant='H3M', tokens=[Token(word='そんな訳無いじゃんね', pos=None, mor=None, gra=None), Token(word='.', pos=None, mor=None, gra=None)], time_marks=(924448, 930746), tiers={'H3M': 'そんな訳無いじゃんね . \x15924448_930746\x15', '%ort': '(so)nna wake nai jan ne .'})",不明,0.5345815420150757,不明,0.5043885707855225,不明,0.4111109972000122
G3M,"Utterance(participant='G3M', tokens=[Token(word='って言うけどさみんな見た目はって言うけど実際そんな訳無い', pos=None, mor=None, gra=None), Token(word='.', pos=None, mor=None, gra=None)], time_marks=(924448, 930746), tiers={'G3M': '++ って言うけどさみんな見た目はって言うけど実際そんな訳無い . \x15924448_930746\x15', '%ort': '++ tte iu kedo saa minna mita me wa tte iu kedo jissai sonna wake nai .'})",プラント,0.5607117414474487,不明,0.528172492980957,不明,0.4916209578514099
H3M,"Utterance(participant='H3M', tokens=[Token(word='実際そんな訳無いよ', pos=None, mor=None, gra=None), Token(word='.', pos=None, mor=None, gra=None)], time_marks=(924448, 930746), tiers={'H3M': '実際そんな訳無いよ . \x15924448_930746\x15', '%ort': 'jissai sonna wake nee [: nai ] yo .'})",不明,0.5038524270057678,不明,0.48720309138298035,不明,0.43815407156944275
H3M,"Utterance(participant='H3M', tokens=[Token(word='男以上に拘ってるね', pos=None, mor=None, gra=None), Token(word='.', pos=None, mor=None, gra=None)], time_marks=(930745, 933627), tiers={'H3M': '男以上に拘ってるね . \x15930745_933627\x15', '%ort': 'otoko ijoo ni kodawatteru ne .'})",スペシャリスト,0.5619627237319946,不明,0.4780503809452057,不明,0.41512805223464966
H3M,"Utterance(participant='H3M', tokens=[Token(word='実際ボロクソに言うんでしょう', pos=None, mor=None, gra=None), Token(word=',', pos=None, mor=None, gra=None), Token(word='女って', pos=None, mor=None, gra=None), Token(word='?', pos=None, mor=None, gra=None)], time_marks=(933358, 935759), tiers={'H3M': '実際ボロクソに言うんでしょう, 女って ? \x15933358_935759\x15', '%ort': 'jissai borokuso ni iu n desho(o) „ onna tte ?'})",不明,0.4887814521789551,不明,0.5074760913848877,不明,0.42069101333618164
H3M,"Utterance(participant='H3M', tokens=[Token(word='何かあそこ駄目だよとかあの靴ないよねとか絶対言うんでしょう', pos=None, mor=None, gra=None), Token(word='?', pos=None, mor=None, gra=None)], time_marks=(935758, 939162), tiers={'H3M': '何かあそこ駄目だよとかあの靴ないよねとか絶対言うんでしょう ? \x15935758_939162\x15', '%ort': 'nanka asoko dame da yo toka ano kutsu nai yo ne: toka zettai iu n deshoo ?'})",不明,0.5486794114112854,不明,0.4761487543582916,不明,0.41835713386535645
G3M,"Utterance(participant='G3M', tokens=[Token(word='そう', pos=None, mor=None, gra=None), Token(word='.', pos=None, mor=None, gra=None)], time_marks=None, tiers={'G3M': 'そう .', '%ort': 'soo .'})",不明,0.5197986364364624,不明,0.49662965536117554,不明,0.43072396516799927
G3M,"Utterance(participant='G3M', tokens=[Token(word='あれは無いよねとか', pos=None, mor=None, gra=None), Token(word='.', pos=None, mor=None, gra=None)], time_marks=(935758, 939162), tiers={'G3M': 'あれは無いよねとか . \x15935758_939162\x15', '%ort': 'are wa nai yo ne: toka .'})",不明,0.48075568675994873,不明,0.4564519226551056,不明,0.40441781282424927
K3F,"Utterance(participant='K3F', tokens=[Token(word='靴も見た目に入る', pos=None, mor=None, gra=None), Token(word='?', pos=None, mor=None, gra=None)], time_marks=(939161, 940830), tiers={'K3F': '靴も見た目に入る ? \x15939161_940830\x15', '%ort': 'kutsu mo mita me ni hairu ?'})",不明,0.45098182559013367,不明,0.39192360639572144,不明,0.4229399561882019
H3M,"Utterance(participant='H3M', tokens=[Token(word='うん', pos=None, mor=None, gra=None), Token(word='?', pos=None, mor=None, gra=None)], time_marks=(940828, 945073), tiers={'H3M': 'うん ? \x15940828_945073\x15', '%ort': 'n ?'})",不明,0.5050572752952576,不明,0.48840922117233276,不明,0.37781423330307007
L3F,"Utterance(participant='L3F', tokens=[Token(word='それ服装', pos=None, mor=None, gra=None), Token(word='.', pos=None, mor=None, gra=None)], time_marks=(940828, 945073), tiers={'L3F': 'それ服装 . \x15940828_945073\x15', '%ort': 'sore fukusoo .'})",不明,0.5373953580856323,不明,0.5127279758453369,不明,0.41705623269081116
G3M,"Utterance(participant='G3M', tokens=[Token(word='服装だね', pos=None, mor=None, gra=None), Token(word='.', pos=None, mor=None, gra=None)], time_marks=(940828, 945073), tiers={'G3M': '服装だね . \x15940828_945073\x15', '%ort': 'fukusoo da ne .'})",不明,0.5202130079269409,不明,0.5039954781532288,不明,0.3818344473838806
K3F,"Utterance(participant='K3F', tokens=[Token(word='服装大事かも', pos=None, mor=None, gra=None), Token(word='.', pos=None, mor=None, gra=None)], time_marks=(940828, 945073), tiers={'K3F': '服装大事かも . \x15940828_945073\x15', '%ort': 'fukusoo daiji kamo .'})",スペシャリスト,0.5778385996818542,不明,0.5230107307434082,不明,0.4395054578781128
L3F,"Utterance(participant='L3F', tokens=[Token(word='うん', pos=None, mor=None, gra=None), Token(word='.', pos=None, mor=None, gra=None)], time_marks=(940828, 945073), tiers={'L3F': 'うん . \x15940828_945073\x15', '%ort': 'un .'})",不明,0.5275270342826843,不明,0.5010157823562622,不明,0.41966938972473145
L3F,"Utterance(participant='L3F', tokens=[Token(word='見た目何かって言うか顔よりも服装の方が大事かも', pos=None, mor=None, gra=None), Token(word='.', pos=None, mor=None, gra=None)], time_marks=(945071, 948613), tiers={'L3F': '見た目何かって言うか顔よりも服装の方が大事かも . \x15945071_948613\x15', '%ort': 'mita me nanka tteka [: tte iu ka] kao yori mo fukusoo no hoo ga daiji kamo .'})",スペシャリスト,0.5874134302139282,不明,0.4800296723842621,不明,0.458296537399292
K3F,"Utterance(participant='K3F', tokens=[Token(word='うん', pos=None, mor=None, gra=None), Token(word='.', pos=None, mor=None, gra=None)], time_marks=(945071, 948613), tiers={'K3F': '<うんうん> [/] うん . \x15945071_948613\x15', '%ort': '<un un> [/] un .'})",不明,0.5327110290527344,不明,0.4975714087486267,不明,0.4167187213897705
G3M,"Utterance(participant='G3M', tokens=[Token(word='じゃ目茶格好良い格好した不細工の男は良いんだ', pos=None, mor=None, gra=None), Token(word='.', pos=None, mor=None, gra=None)], time_marks=(948612, 952143), tiers={'G3M': 'じゃ目茶格好良い格好した不細工の男は良いんだ . \x15948612_952143\x15', '%ort': 'ja metcha kakkoii kakkoo shita busaiku no otoko wa ii n da .'})",不明,0.5041124820709229,不明,0.4671778082847595,不明,0.383686363697052
K3F,"Utterance(participant='K3F', tokens=[Token(word='.', pos=None, mor=None, gra=None)], time_marks=(952142, 957377), tiers={'K3F': '&=laugh . \x15952142_957377\x15', '%ort': '&=laugh .'})",スペシャリスト,0.5540882349014282,不明,0.4816037714481354,不明,0.42306211590766907
G3M,"Utterance(participant='G3M', tokens=[Token(word='まあね', pos=None, mor=None, gra=None), Token(word='.', pos=None, mor=None, gra=None)], time_marks=(952142, 957377), tiers={'G3M': '&=laugh まあね . \x15952142_957377\x15', '%ort': '&=laugh maa ne .'})",不明,0.5017892122268677,不明,0.4879782497882843,不明,0.38969263434410095
L3F,"Utterance(participant='L3F', tokens=[Token(word='でも不細工のレベルじゃない', pos=None, mor=None, gra=None), Token(word='?', pos=None, mor=None, gra=None)], time_marks=(952142, 957377), tiers={'L3F': 'でも不細工のレベルじゃない ? \x15952142_957377\x15', '%ort': 'demo busaiku no reberu janai ?'})",スペシャリスト,0.5539670586585999,不明,0.5111503601074219,不明,0.44676896929740906
K3F,"Utterance(participant='K3F', tokens=[Token(word='そう', pos=None, mor=None, gra=None), Token(word='.', pos=None, mor=None, gra=None)], time_marks=(952142, 957377), tiers={'K3F': '<そう> [/] そう . \x15952142_957377\x15', '%ort': 'soo [/] soo .'})",スペシャリスト,0.5528010129928589,不明,0.5146697163581848,不明,0.461195707321167
G3M,"Utterance(participant='G3M', tokens=[Token(word='ふうん', pos=None, mor=None, gra=None), Token(word='.', pos=None, mor=None, gra=None)], time_marks=(957376, 960184), tiers={'G3M': 'ふうん@i . \x15957376_960184\x15', '%ort': 'fuun: .'})",スペシャリスト,0.5530878305435181,不明,0.4738302230834961,不明,0.39379674196243286
K3F,"Utterance(participant='K3F', tokens=[Token(word='普通で良いよね', pos=None, mor=None, gra=None), Token(word='.', pos=None, mor=None, gra=None)], time_marks=(957376, 960184), tiers={'K3F': '普通で良いよね . \x15957376_960184\x15', '%ort': 'futsuu de ii yo ne .'})",スペシャリスト,0.5553042888641357,不明,0.5007299184799194,不明,0.4499437212944031
L3F,"Utterance(participant='L3F', tokens=[Token(word='普通で良い', pos=None, mor=None, gra=None), Token(word='.', pos=None, mor=None, gra=None)], time_marks=(960182, 965829), tiers={'L3F': '普通で良い . \x15960182_965829\x15', '%ort': 'futsuu de ii .'})",不明,0.543450117111206,不明,0.49887555837631226,不明,0.4425113797187805
L3F,"Utterance(participant='L3F', tokens=[Token(word='別に格好良くなくて良い', pos=None, mor=None, gra=None), Token(word='.', pos=None, mor=None, gra=None)], time_marks=(960182, 965829), tiers={'L3F': '別に格好良くなくて良い . \x15960182_965829\x15', '%ort': 'betsu ni kakkoyoku nakute ii .'})",スペシャリスト,0.5596708059310913,不明,0.4975493252277374,不明,0.45038193464279175
G3M,"Utterance(participant='G3M', tokens=[Token(word='普通って何', pos=None, mor=None, gra=None), Token(word='?', pos=None, mor=None, gra=None)], time_marks=(960182, 965829), tiers={'G3M': '普通って何 ? \x15960182_965829\x15', '%ort': 'futsuu tte nani ?'})",不明,0.536178708076477,不明,0.4933851957321167,不明,0.43338853120803833
G3M,"Utterance(participant='G3M', tokens=[Token(word='何を普通って言うかじゃない', pos=None, mor=None, gra=None), Token(word='?', pos=None, mor=None, gra=None)], time_marks=(960182, 965829), tiers={'G3M': '何を普通って言うかじゃない ? \x15960182_965829\x15', '%ort': 'nani o futsuu tte iu ka janai ?'})",不明,0.5494205355644226,不明,0.5160380005836487,不明,0.4871126413345337
H3M,"Utterance(participant='H3M', tokens=[Token(word='ええ', pos=None, mor=None, gra=None), Token(word='?', pos=None, mor=None, gra=None)], time_marks=(962047, 964493), tiers={'H3M': 'ええ@i ? \x15962047_964493\x15', '%ort': 'ee@i ?'})",不明,0.5352757573127747,不明,0.49108171463012695,不明,0.3934716284275055
K3F,"Utterance(participant='K3F', tokens=[Token(word='普通', pos=None, mor=None, gra=None), Token(word='.', pos=None, mor=None, gra=None)], time_marks=(962047, 964493), tiers={'K3F': '普通 . \x15962047_964493\x15', '%ort': 'futsuu .'})",不明,0.5404450297355652,不明,0.4848965108394623,不明,0.42934542894363403
K3F,"Utterance(participant='K3F', tokens=[Token(word='それが人によって違うじゃん', pos=None, mor=None, gra=None), Token(word='.', pos=None, mor=None, gra=None)], time_marks=(965188, 967341), tiers={'K3F': '&+だ それが人によって違うじゃん . \x15965188_967341\x15', '%ort': '&+da sore ga hito ni yotte chigau jan .'})",不明,0.5314836502075195,不明,0.48855477571487427,不明,0.4317362904548645
G3M,"Utterance(participant='G3M', tokens=[Token(word='だよね', pos=None, mor=None, gra=None), Token(word='.', pos=None, mor=None, gra=None)], time_marks=(965188, 967341), tiers={'G3M': 'だよね . \x15965188_967341\x15', '%ort': 'da yo ne .'})",不明,0.5140707492828369,不明,0.48367345333099365,不明,0.3848884701728821
L3F,"Utterance(participant='L3F', tokens=[Token(word='うん', pos=None, mor=None, gra=None), Token(word='.', pos=None, mor=None, gra=None)], time_marks=(965188, 967341), tiers={'L3F': 'うん . \x15965188_967341\x15', '%ort': 'un .'})",不明,0.5257484912872314,不明,0.4990503191947937,不明,0.42135733366012573
G3M,"Utterance(participant='G3M', tokens=[Token(word='では君らの普通は何', pos=None, mor=None, gra=None), Token(word='?', pos=None, mor=None, gra=None)], time_marks=(967340, 968788), tiers={'G3M': 'では君らの普通は何 ? \x15967340_968788\x15', '%ort': 'dewa kimira no futsuu wa nani ?'})",不明,0.5237771272659302,不明,0.4887877404689789,不明,0.4274367094039917
L3F,"Utterance(participant='L3F', tokens=[Token(word='だってさ目が細い方が良いって言う人とさ大っきい方が良いって言う人がおるみたいに格好良いも違うと思う', pos=None, mor=None, gra=None), Token(word='.', pos=None, mor=None, gra=None)], time_marks=(967340, 973935), tiers={'L3F': 'だってさ目が細い方が良いって言う人とさ大っきい方が良いって言う人がおるみたいに格好良いも違うと思う . \x15967340_973935\x15', '%ort': 'datte saa me ga hosoi hoo ga ii tte iu hito to saa okkii hoo ga ii tte iu hito ga oru mitai ni kakkoii mo chigau to omou .'})",スペシャリスト,0.5540448427200317,不明,0.5103510618209839,不明,0.5094451904296875
K3F,"Utterance(participant='K3F', tokens=[Token(word='そうね', pos=None, mor=None, gra=None), Token(word='.', pos=None, mor=None, gra=None)], time_marks=(967340, 973934), tiers={'K3F': '<そうそう> [/] そうね . \x15967340_973934\x15', '%ort': '<soo soo> [/] soo ne .'})",不明,0.5275586247444153,不明,0.47962120175361633,不明,0.45024484395980835
K3F,"Utterance(participant='K3F', tokens=[Token(word='自分の中で普通だったら良いんじゃない', pos=None, mor=None, gra=None), Token(word='?', pos=None, mor=None, gra=None)], time_marks=(974328, 976774), tiers={'K3F': '自分の中で普通だったら良いんじゃない ? \x15974328_976774\x15', '%ort': 'jibun no naka de futsuu dattara ii n janai ?'})",不明,0.5490701198577881,不明,0.5165941715240479,不明,0.47634243965148926
L3F,"Utterance(participant='L3F', tokens=[Token(word='うん', pos=None, mor=None, gra=None), Token(word='.', pos=None, mor=None, gra=None)], time_marks=(974328, 976774), tiers={'L3F': 'うん . \x15974328_976774\x15', '%ort': 'u:n .'})",不明,0.5021328926086426,不明,0.4802283048629761,不明,0.40124964714050293
L3F,"Utterance(participant='L3F', tokens=[Token(word='ちょっとだってB専', pos=None, mor=None, gra=None), Token(word='とか', pos=None, mor=None, gra=None), Token(word='.', pos=None, mor=None, gra=None)], time_marks=(976241, 982313), tiers={'L3F': 'ちょっとだってB専 [= 専攻の略] とか . \x15976241_982313\x15', '%ort': 'chotto datte Bsen toka .'})",スペシャリスト,0.5698226094245911,不明,0.4642874002456665,不明,0.4919927418231964
K3F,"Utterance(participant='K3F', tokens=[Token(word='だもんね', pos=None, mor=None, gra=None), Token(word='.', pos=None, mor=None, gra=None)], time_marks=(976241, 982313), tiers={'K3F': 'だもんね &=laugh . \x15976241_982313\x15', '%ort': 'da mon ne &=laugh .'})",スペシャリスト,0.5599116086959839,不明,0.5034080147743225,不明,0.44445034861564636
G3M,"Utterance(participant='G3M', tokens=[Token(word='なの', pos=None, mor=None, gra=None), Token(word='?', pos=None, mor=None, gra=None)], time_marks=(976241, 982313), tiers={'G3M': 'なの &=laugh ? \x15976241_982313\x15', '%ort': 'na no &=laugh ?'})",不明,0.5067480802536011,不明,0.4869723916053772,不明,0.4071783721446991
L3F,"Utterance(participant='L3F', tokens=[Token(word='ちょっと人とは違うね', pos=None, mor=None, gra=None), Token(word=',', pos=None, mor=None, gra=None), Token(word='好みが', pos=None, mor=None, gra=None), Token(word='.', pos=None, mor=None, gra=None)], time_marks=(982312, 986845), tiers={'L3F': 'ちょっと人とは違うね, 好みが . \x15982312_986845\x15', '%ort': 'chotto hito to wa chigau ne „ konomi ga .'})",スペシャリスト,0.5539553165435791,不明,0.5130837559700012,不明,0.4575399160385132
K3F,"Utterance(participant='K3F', tokens=[Token(word='うん', pos=None, mor=None, gra=None), Token(word='.', pos=None, mor=None, gra=None)], time_marks=(982312, 986845), tiers={'K3F': 'うん . \x15982312_986845\x15', '%ort': 'un .'})",不明,0.5436832904815674,不明,0.5032052993774414,不明,0.43075674772262573
H3M,"Utterance(participant='H3M', tokens=[Token(word='例えば', pos=None, mor=None, gra=None), Token(word='?', pos=None, mor=None, gra=None)], time_marks=(985474, 988118), tiers={'H3M': '例えば ? \x15985474_988118\x15', '%ort': 'tatoeba ?'})",スペシャリスト,0.5523749589920044,不明,0.5209426283836365,不明,0.4276415705680847
L3F,"Utterance(participant='L3F', tokens=[Token(word='例えば', pos=None, mor=None, gra=None), Token(word='?', pos=None, mor=None, gra=None)], time_marks=(988117, 991655), tiers={'L3F': '例えば ? \x15988117_991655\x15', '%ort': 'tatoeba ?'})",不明,0.528268575668335,不明,0.5148941278457642,不明,0.45055991411209106
G3M,"Utterance(participant='G3M', tokens=[Token(word='うん', pos=None, mor=None, gra=None), Token(word='.', pos=None, mor=None, gra=None)], time_marks=(988117, 991655), tiers={'G3M': 'うん . \x15988117_991655\x15', '%ort': 'un .'})",不明,0.5125927329063416,不明,0.49057912826538086,不明,0.4008588194847107
L3F,"Utterance(participant='L3F', tokens=[Token(word='例えば', pos=None, mor=None, gra=None), Token(word='?', pos=None, mor=None, gra=None)], time_marks=(991654, 1000187), tiers={'L3F': '例えば ? \x15991654_1000187\x15', '%ort': 'tatoeba ?'})",不明,0.5242002606391907,不明,0.5080419778823853,不明,0.4464820325374603
L3F,"Utterance(participant='L3F', tokens=[Token(word='何', pos=None, mor=None, gra=None), Token(word=',', pos=None, mor=None, gra=None), Token(word='例えばって', pos=None, mor=None, gra=None), Token(word='?', pos=None, mor=None, gra=None)], time_marks=(991654, 1000187), tiers={'L3F': '何, 例えばって ? \x15991654_1000187\x15', '%ort': 'nani „ tatoeba tte ?'})",不明,0.5486088991165161,不明,0.5449041724205017,不明,0.4879547357559204
L3F,"Utterance(participant='L3F', tokens=[Token(word='何', pos=None, mor=None, gra=None), Token(word='?', pos=None, mor=None, gra=None)], time_marks=(991654, 1000187), tiers={'L3F': '何 ? \x15991654_1000187\x15', '%ort': 'nani ?'})",不明,0.5064924955368042,不明,0.49626344442367554,不明,0.4398409128189087
L3F,"Utterance(participant='L3F', tokens=[Token(word='ここら辺に居る人でって事', pos=None, mor=None, gra=None), Token(word='?', pos=None, mor=None, gra=None)], time_marks=(991654, 1000187), tiers={'L3F': 'ここら辺に居る人でって事 ? \x15991654_1000187\x15', '%ort': 'kokora hen ni iru hito de tte koto ?'})",不明,0.5323556661605835,不明,0.5072736740112305,不明,0.5313125848770142
H3M,"Utterance(participant='H3M', tokens=[Token(word='えっうん', pos=None, mor=None, gra=None), Token(word='.', pos=None, mor=None, gra=None)], time_marks=(991654, 1000186), tiers={'H3M': 'えっうん . \x15991654_1000186\x15', '%ort': 'eq un .'})",不明,0.5366304516792297,不明,0.4938585162162781,不明,0.39358726143836975
L3F,"Utterance(participant='L3F', tokens=[Token(word='居ない', pos=None, mor=None, gra=None), Token(word='.', pos=None, mor=None, gra=None)], time_marks=(991654, 1000186), tiers={'L3F': '居ない . \x15991654_1000186\x15', '%ort': 'ina:i .'})",不明,0.42528077960014343,不明,0.43323785066604614,不明,0.4017474055290222
G3M,"Utterance(participant='G3M', tokens=[Token(word='じゃ芸能人は', pos=None, mor=None, gra=None), Token(word='?', pos=None, mor=None, gra=None)], time_marks=(1000185, 1002627), tiers={'G3M': 'じゃ芸能人は ? \x151000185_1002627\x15', '%ort': 'ja geenoojin wa ?'})",不明,0.5372148752212524,不明,0.48849499225616455,不明,0.4151676297187805
L3F,"Utterance(participant='L3F', tokens=[Token(word='芸能人', pos=None, mor=None, gra=None), Token(word='?', pos=None, mor=None, gra=None)], time_marks=(1000185, 1002627), tiers={'L3F': '芸能人 ? \x151000185_1002627\x15', '%ort': 'geenoojin ?'})",スペシャリスト,0.553281307220459,不明,0.48043787479400635,不明,0.3991149067878723
L3F,"Utterance(participant='L3F', tokens=[Token(word='秘密', pos=None, mor=None, gra=None), Token(word='.', pos=None, mor=None, gra=None)], time_marks=(1002626, 1010842), tiers={'L3F': '秘密 . \x151002626_1010842\x15', '%ort': 'himitsu .'})",不明,0.5482781529426575,不明,0.5140029191970825,不明,0.4430529773235321
ALL,"Utterance(participant='ALL', tokens=[Token(word='.', pos=None, mor=None, gra=None)], time_marks=(1002626, 1010842), tiers={'ALL': '&=laugh . \x151002626_1010842\x15', '%ort': '&=laugh .'})",不明,0.5052133798599243,不明,0.47277334332466125,不明,0.3942174017429352
G3M,"Utterance(participant='G3M', tokens=[Token(word='いやあ', pos=None, mor=None, gra=None), Token(word='結局', pos=None, mor=None, gra=None), Token(word='何も意味分からない', pos=None, mor=None, gra=None), Token(word='.', pos=None, mor=None, gra=None)], time_marks=(1002626, 1010842), tiers={'G3M': '<いやあ> [/] いやあ@i 結局 <何の> [//] 何も意味分からない . \x151002626_1010842\x15', '%ort': 'iyaa [/] iyaa kekkyoku <nan no> [//] nanimo imi wakaran [: wakaranai] .'})",不明,0.5356857776641846,不明,0.5275959968566895,不明,0.4704812169075012
L3F,"Utterance(participant='L3F', tokens=[Token(word='うんでもS', pos=None, mor=None, gra=None), Token(word='もB専', pos=None, mor=None, gra=None), Token(word='っぽいよね', pos=None, mor=None, gra=None), Token(word='.', pos=None, mor=None, gra=None)], time_marks=(1010841, 1016501), tiers={'L3F': 'うんでもS [= 学生の名前] もB専 [= 専攻の略] っぽいよね . \x151010841_1016501\x15', '%ort': 'un demo S mo Bsen ppoi yo ne .'})",スペシャリスト,0.5889405012130737,不明,0.5157995223999023,不明,0.4686572551727295
G3M,"Utterance(participant='G3M', tokens=[Token(word='よね', pos=None, mor=None, gra=None), Token(word='とか言われても知らないけど', pos=None, mor=None, gra=None), Token(word='.', pos=None, mor=None, gra=None)], time_marks=(1010841, 1016501), tiers={'G3M': 'よね@q とか言われても知らないけど . \x151010841_1016501\x15', '%ort': 'yo_ne@q toka iwarete mo shiran [: shiranai] kedo .'})",不明,0.5494126081466675,不明,0.5081710815429688,不明,0.4698134660720825
H3M,"Utterance(participant='H3M', tokens=[Token(word='誰が良いの', pos=None, mor=None, gra=None), Token(word='?', pos=None, mor=None, gra=None)], time_marks=(1016499, 1019347), tiers={'H3M': '誰が良いの ? \x151016499_1019347\x15', '%ort': 'dare ga ii no ?'})",不明,0.5181559324264526,不明,0.4634802043437958,不明,0.40921252965927124
K3F,"Utterance(participant='K3F', tokens=[Token(word='多分知らないもん', pos=None, mor=None, gra=None), Token(word='.', pos=None, mor=None, gra=None)], time_marks=(1016499, 1019347), tiers={'K3F': '多分知らないもん . \x151016499_1019347\x15', '%ort': 'tabun shiranai mon .'})",不明,0.5469223260879517,不明,0.4956219792366028,不明,0.4242067337036133
L3F,"Utterance(participant='L3F', tokens=[Token(word='うんだってL', pos=None, mor=None, gra=None), Token(word='も知らないもん', pos=None, mor=None, gra=None), Token(word='.', pos=None, mor=None, gra=None)], time_marks=(1019346, 1022382), tiers={'L3F': 'うんだってL [= L3F, 自分の名前] も知らないもん . \x151019346_1022382\x15', '%ort': 'un datte L mo shiranai mon .'})",不明,0.5389758348464966,不明,0.531791090965271,不明,0.46411359310150146
G3M,"Utterance(participant='G3M', tokens=[Token(word='じゃそのJ', pos=None, mor=None, gra=None), Token(word='からちょっと離れてよ', pos=None, mor=None, gra=None), Token(word='!', pos=None, mor=None, gra=None)], time_marks=(1019346, 1022382), tiers={'G3M': 'じゃそのJ [= 芸能事務所名] からちょっと離れてよ ! \x151019346_1022382\x15', '%ort': 'ja sono Janiizu kara chotto hanarete yo !'})",不明,0.476462721824646,不明,0.48264479637145996,不明,0.46485665440559387
K3F,"Utterance(participant='K3F', tokens=[Token(word='J', pos=None, mor=None, gra=None), Token(word='以外', pos=None, mor=None, gra=None), Token(word='?', pos=None, mor=None, gra=None)], time_marks=(1021800, 1027382), tiers={'K3F': 'J [= 芸能事務所名] 以外 ? \x151021800_1027382\x15', '%ort': 'J igai ?'})",スペシャリスト,0.5595528483390808,不明,0.5267367959022522,不明,0.472240149974823
K3F,"Utterance(participant='K3F', tokens=[Token(word='TT', pos=None, mor=None, gra=None), Token(word='.', pos=None, mor=None, gra=None)], time_marks=(1021800, 1027382), tiers={'K3F': 'TT [= 芸能人の名前] . \x151021800_1027382\x15', '%ort': 'T_T .'})",スペシャリスト,0.5753927826881409,不明,0.5152620077133179,不明,0.41157060861587524
G3M,"Utterance(participant='G3M', tokens=[Token(word='あっ', pos=None, mor=None, gra=None), Token(word='普通に格好良い', pos=None, mor=None, gra=None), Token(word='.', pos=None, mor=None, gra=None)], time_marks=(1021800, 1027382), tiers={'G3M': 'あっ 普通に格好良い . \x151021800_1027382\x15', '%ort': 'a: futsuu ni kakkoii .'})",スペシャリスト,0.5751635432243347,不明,0.5078030228614807,不明,0.4700448513031006
H3M,"Utterance(participant='H3M', tokens=[Token(word='全然普通に格好良いでしょう', pos=None, mor=None, gra=None), Token(word='.', pos=None, mor=None, gra=None)], time_marks=(1021800, 1027382), tiers={'H3M': '全然普通に格好良いでしょう . \x151021800_1027382\x15', '%ort': 'zenzen futsuu ni kakkoii desho(o) .'})",スペシャリスト,0.5748552083969116,不明,0.5154623985290527,不明,0.44964152574539185
K3F,"Utterance(participant='K3F', tokens=[Token(word='.', pos=None, mor=None, gra=None)], time_marks=(1021800, 1027382), tiers={'K3F': '&=laugh . \x151021800_1027382\x15', '%ort': '&=laugh .'})",不明,0.5454592704772949,不明,0.4767928719520569,不明,0.4169222116470337
K3F,"Utterance(participant='K3F', tokens=[Token(word='だって芸能人だから選ぶ時点でそれなりに格好良いじゃん', pos=None, mor=None, gra=None), Token(word='.', pos=None, mor=None, gra=None)], time_marks=(1027381, 1033717), tiers={'K3F': 'だって芸能人だから選ぶ時点でそれなりに格好良いじゃん . \x151027381_1033717\x15', '%ort': 'datte geenoojin da kara erabu jiten de sorenari ni kakkoii jan .'})",不明,0.5403356552124023,不明,0.4679262638092041,不明,0.40984654426574707
L3F,"Utterance(participant='L3F', tokens=[Token(word='うん', pos=None, mor=None, gra=None), Token(word='.', pos=None, mor=None, gra=None)], time_marks=(1027381, 1033717), tiers={'L3F': 'うん . \x151027381_1033717\x15', '%ort': 'u:n .'})",不明,0.5129712820053101,不明,0.4924447536468506,不明,0.4100300073623657
H3M,"Utterance(participant='H3M', tokens=[Token(word='うん', pos=None, mor=None, gra=None), Token(word='.', pos=None, mor=None, gra=None)], time_marks=(1027381, 1033717), tiers={'H3M': 'うん . \x151027381_1033717\x15', '%ort': 'un .'})",不明,0.5463879108428955,不明,0.5066595077514648,不明,0.40465521812438965
G3M,"Utterance(participant='G3M', tokens=[Token(word='あっ', pos=None, mor=None, gra=None), Token(word='.', pos=None, mor=None, gra=None)], time_marks=(1027381, 1033717), tiers={'G3M': 'あっ . \x151027381_1033717\x15', '%ort': 'a: .'})",不明,0.5051090717315674,不明,0.4790775775909424,不明,0.39214026927948
G3M,"Utterance(participant='G3M', tokens=[Token(word='うん', pos=None, mor=None, gra=None), Token(word='.', pos=None, mor=None, gra=None)], time_marks=(1033716, 1040104), tiers={'G3M': 'うん . \x151033716_1040104\x15', '%ort': 'un .'})",不明,0.516647219657898,不明,0.4977911412715912,不明,0.40733763575553894
H3M,"Utterance(participant='H3M', tokens=[Token(word='うん', pos=None, mor=None, gra=None), Token(word='.', pos=None, mor=None, gra=None)], time_marks=(1033716, 1040104), tiers={'H3M': 'うん . \x151033716_1040104\x15', '%ort': 'un .'})",不明,0.5440927743911743,不明,0.5106614828109741,不明,0.404807984828949
K3F,"Utterance(participant='K3F', tokens=[Token(word='でしょう', pos=None, mor=None, gra=None), Token(word='.', pos=None, mor=None, gra=None)], time_marks=(1033716, 1040104), tiers={'K3F': 'でしょう . \x151033716_1040104\x15', '%ort': 'desho(o) .'})",不明,0.5457440614700317,不明,0.5055137872695923,不明,0.4428907036781311
G3M,"Utterance(participant='G3M', tokens=[Token(word='まあね', pos=None, mor=None, gra=None), Token(word='.', pos=None, mor=None, gra=None)], time_marks=(1037722, 1040104), tiers={'G3M': 'まあね . \x151037722_1040104\x15', '%ort': 'maa ne .'})",不明,0.49592119455337524,不明,0.4824632704257965,不明,0.3846886157989502
G3M,"Utterance(participant='G3M', tokens=[Token(word='んじゃ一般人の中から選んで良いよ', pos=None, mor=None, gra=None), Token(word='.', pos=None, mor=None, gra=None)], time_marks=(1039502, 1045138), tiers={'G3M': 'んじゃ一般人の中から選んで良いよ . \x151039502_1045138\x15', '%ort': 'nja: ippanjin no naka kara erande ii yo .'})",不明,0.5121980905532837,不明,0.4801664650440216,不明,0.4368884563446045
K3F,"Utterance(participant='K3F', tokens=[Token(word='選べない', pos=None, mor=None, gra=None), Token(word='.', pos=None, mor=None, gra=None)], time_marks=(1039502, 1043038), tiers={'K3F': '選べない . \x151039502_1043038\x15', '%ort': 'erabena:i .'})",不明,0.5296944379806519,不明,0.5197696089744568,不明,0.45271629095077515
G3M,"Utterance(participant='G3M', tokens=[Token(word='別にB', pos=None, mor=None, gra=None), Token(word='の中から選んで良いよ', pos=None, mor=None, gra=None), Token(word='.', pos=None, mor=None, gra=None)], time_marks=(1043037, 1045596), tiers={'G3M': '別にB [= 専攻名の略] の中から選んで良いよ . \x151043037_1045596\x15', '%ort': 'betsu ni B no naka kara erande ii yo .'})",スペシャリスト,0.5726050138473511,不明,0.5111434459686279,不明,0.5062423944473267
L3F,"Utterance(participant='L3F', tokens=[Token(word='B', pos=None, mor=None, gra=None), Token(word='から選んで', pos=None, mor=None, gra=None), Token(word='!', pos=None, mor=None, gra=None)], time_marks=(1043037, 1045596), tiers={'L3F': 'B [= 専攻名の略] から選んで ! \x151043037_1045596\x15', '%ort': 'B kara erande: !'})",不明,0.5235661864280701,不明,0.49656954407691956,不明,0.4572340250015259
K3F,"Utterance(participant='K3F', tokens=[Token(word='B', pos=None, mor=None, gra=None), Token(word='?', pos=None, mor=None, gra=None)], time_marks=(1044863, 1048778), tiers={'K3F': 'B [= 専攻名の略] ? \x151044863_1048778\x15', '%ort': 'B ?'})",スペシャリスト,0.5724455118179321,不明,0.4729461073875427,不明,0.4276588559150696
K3F,"Utterance(participant='K3F', tokens=[Token(word='どれも問題外', pos=None, mor=None, gra=None), Token(word='.', pos=None, mor=None, gra=None)], time_marks=(1044863, 1048778), tiers={'K3F': 'どれも問題外 . \x151044863_1048778\x15', '%ort': 'doremo mondaigai .'})",スペシャリスト,0.5543257594108582,不明,0.5041413903236389,不明,0.49524158239364624
L3F,"Utterance(participant='L3F', tokens=[Token(word='.', pos=None, mor=None, gra=None)], time_marks=(1044863, 1048778), tiers={'L3F': '&=laugh . \x151044863_1048778\x15', '%ort': '&=laugh .'})",不明,0.5257999300956726,不明,0.47156935930252075,不明,0.39769795536994934
K3F,"Utterance(participant='K3F', tokens=[Token(word='性格で却下だわ', pos=None, mor=None, gra=None), Token(word='.', pos=None, mor=None, gra=None)], time_marks=(1048777, 1053184), tiers={'K3F': '性格で却下だわ &=laugh . \x151048777_1053184\x15', '%ort': 'seekaku de kyakka da wa &=laugh .'})",スペシャリスト,0.5719989538192749,不明,0.5229407548904419,不明,0.47894546389579773
G3M,"Utterance(participant='G3M', tokens=[Token(word='いやあ', pos=None, mor=None, gra=None), Token(word='.', pos=None, mor=None, gra=None)], time_marks=(1048777, 1053184), tiers={'G3M': '<いやあいやあ> [/] いやあ . \x151048777_1053184\x15', '%ort': 'iya(a) [/] iya(a) [/] iya(a) .'})",不明,0.5035095810890198,不明,0.5017193555831909,不明,0.4155113697052002
H3M,"Utterance(participant='H3M', tokens=[Token(word='性格みんな良い人だが', pos=None, mor=None, gra=None), Token(word='.', pos=None, mor=None, gra=None)], time_marks=(1048777, 1053184), tiers={'H3M': '性格みんな良い人だが . \x151048777_1053184\x15', '%ort': 'seekaku minna ii hito da ga .'})",スペシャリスト,0.5633193254470825,不明,0.4850418269634247,不明,0.3905029892921448
H3M,"Utterance(participant='H3M', tokens=[Token(word='ね', pos=None, mor=None, gra=None), Token(word='.', pos=None, mor=None, gra=None)], time_marks=(1053183, 1058084), tiers={'H3M': 'ね . \x151053183_1058084\x15', '%ort': 'ne: .'})",不明,0.546153724193573,不明,0.5146888494491577,不明,0.41350317001342773
G3M,"Utterance(participant='G3M', tokens=[Token(word='ねっ', pos=None, mor=None, gra=None), Token(word='.', pos=None, mor=None, gra=None)], time_marks=(1053183, 1058084), tiers={'G3M': 'ねっ . \x151053183_1058084\x15', '%ort': 'ne .'})",不明,0.52504563331604,不明,0.5056610703468323,不明,0.4257606565952301
H3M,"Utterance(participant='H3M', tokens=[Token(word='本当ね', pos=None, mor=None, gra=None), Token(word='.', pos=None, mor=None, gra=None)], time_marks=(1053183, 1058084), tiers={'H3M': '本当ね . \x151053183_1058084\x15', '%ort': 'hontoo ne .'})",スペシャリスト,0.5586001873016357,不明,0.5243605375289917,不明,0.42465806007385254
H3M,"Utterance(participant='H3M', tokens=[Token(word='良い人ばっかりだわ', pos=None, mor=None, gra=None), Token(word=',', pos=None, mor=None, gra=None), Token(word='B', pos=None, mor=None, gra=None), Token(word='は', pos=None, mor=None, gra=None), Token(word='.', pos=None, mor=None, gra=None)], time_marks=(1053183, 1058084), tiers={'H3M': '良い人ばっかりだわ, B [= 専攻名の略] は . \x151053183_1058084\x15', '%ort': 'ii hito bakka [: bakkari] da wa „ B [= name of department] wa ne .'})",スペシャリスト,0.5676891803741455,不明,0.4787415564060211,不明,0.46327635645866394
L3F,"Utterance(participant='L3F', tokens=[Token(word='始めて聴いた', pos=None, mor=None, gra=None), Token(word='.', pos=None, mor=None, gra=None)], time_marks=(1058083, 1062194), tiers={'L3F': '始めて聴いた . \x151058083_1062194\x15', '%ort': 'hajimete kiita .'})",プラント,0.5558288097381592,不明,0.5437535643577576,不明,0.5413591861724854
K3F,"Utterance(participant='K3F', tokens=[Token(word='うん', pos=None, mor=None, gra=None), Token(word='.', pos=None, mor=None, gra=None)], time_marks=(1058083, 1062194), tiers={'K3F': 'うん . \x151058083_1062194\x15', '%ort': 'u:n .'})",不明,0.5305659174919128,不明,0.5025391578674316,不明,0.4341914653778076
H3M,"Utterance(participant='H3M', tokens=[Token(word='え', pos=None, mor=None, gra=None), Token(word='.', pos=None, mor=None, gra=None)], time_marks=(1058083, 1062194), tiers={'H3M': 'え . \x151058083_1062194\x15', '%ort': 'eq .'})",不明,0.545082688331604,不明,0.5229750275611877,不明,0.4214126765727997
G3M,"Utterance(participant='G3M', tokens=[Token(word='.', pos=None, mor=None, gra=None)], time_marks=(1058083, 1062194), tiers={'G3M': '&=laugh . \x151058083_1062194\x15', '%ort': '&=laugh .'})",不明,0.516743540763855,不明,0.46652570366859436,不明,0.39513105154037476
H3M,"Utterance(participant='H3M', tokens=[Token(word='性格が良いから何が行けないの', pos=None, mor=None, gra=None), Token(word='?', pos=None, mor=None, gra=None)], time_marks=(1062193, 1067427), tiers={'H3M': '性格が良いから何が行けないの ? \x151062193_1067427\x15', '%ort': 'seekaku ga ii kara nani ga ikan [: ikenai] no ?'})",スペシャリスト,0.5581616163253784,不明,0.503841757774353,不明,0.4519946575164795
H3M,"Utterance(participant='H3M', tokens=[Token(word='みんな面白いがね', pos=None, mor=None, gra=None), Token(word='.', pos=None, mor=None, gra=None)], time_marks=(1062193, 1067427), tiers={'H3M': 'みんな面白いがね . \x151062193_1067427\x15', '%ort': 'minna omoshiroi ga n(e) .'})",不明,0.48690277338027954,不明,0.4563833475112915,不明,0.3591706454753876
L3F,"Utterance(participant='L3F', tokens=[Token(word='うん', pos=None, mor=None, gra=None), Token(word='?', pos=None, mor=None, gra=None)], time_marks=(1067426, 1071135), tiers={'L3F': 'うん ? \x151067426_1071135\x15', '%ort': 'n ?'})",不明,0.4842176139354706,不明,0.4834110140800476,不明,0.38892531394958496
K3F,"Utterance(participant='K3F', tokens=[Token(word='みんな面白いらしいよ', pos=None, mor=None, gra=None), Token(word='.', pos=None, mor=None, gra=None)], time_marks=(1067426, 1071135), tiers={'K3F': 'みんな面白いらしいよ &=laugh . \x151067426_1071135\x15', '%ort': 'minna omoshiroi rashii yo &=laugh .'})",不明,0.4710138440132141,不明,0.4407605826854706,不明,0.38634979724884033
H3M,"Utterance(participant='H3M', tokens=[Token(word='ね', pos=None, mor=None, gra=None), Token(word='.', pos=None, mor=None, gra=None)], time_marks=(1071134, 1077136), tiers={'H3M': 'ね . \x151071134_1077136\x15', '%ort': 'ne: .'})",不明,0.542290449142456,不明,0.5107402801513672,不明,0.407055139541626
L3F,"Utterance(participant='L3F', tokens=[Token(word='ね', pos=None, mor=None, gra=None), Token(word='.', pos=None, mor=None, gra=None)], time_marks=(1071134, 1077136), tiers={'L3F': 'ね . \x151071134_1077136\x15', '%ort': 'ne: .'})",不明,0.5236910581588745,不明,0.5074399709701538,不明,0.41851601004600525
H3M,"Utterance(participant='H3M', tokens=[Token(word='あれっ', pos=None, mor=None, gra=None), Token(word='?', pos=None, mor=None, gra=None)], time_marks=(1071134, 1077136), tiers={'H3M': 'あれっ@i ? \x151071134_1077136\x15', '%ort': 'areq ?'})",スペシャリスト,0.5588079690933228,不明,0.5126383900642395,不明,0.4410504400730133
H3M,"Utterance(participant='H3M', tokens=[Token(word='みんな優しいし面白いし思いやりがあるし', pos=None, mor=None, gra=None), Token(word='.', pos=None, mor=None, gra=None)], time_marks=(1077135, 1083077), tiers={'H3M': 'みんな優しいし面白いし思いやりがあるし . \x151077135_1083077\x15', '%ort': 'minna yasashii shi omoshiroi shi omoiyari ga aru shi .'})",不明,0.529121994972229,不明,0.4594686031341553,不明,0.40979984402656555
L3F,"Utterance(participant='L3F', tokens=[Token(word='そうなの', pos=None, mor=None, gra=None), Token(word='?', pos=None, mor=None, gra=None)], time_marks=(1077135, 1083077), tiers={'L3F': 'そうなの ? \x151077135_1083077\x15', '%ort': 'soo na no ?'})",不明,0.529315173625946,不明,0.4959656298160553,不明,0.4343630075454712
G3M,"Utterance(participant='G3M', tokens=[Token(word='言う事無いよね', pos=None, mor=None, gra=None), Token(word='?', pos=None, mor=None, gra=None)], time_marks=(1077135, 1083077), tiers={'G3M': '言う事無いよね ? \x151077135_1083077\x15', '%ort': 'yuu koto nai yo ne ?'})",不明,0.5228685140609741,不明,0.5072857141494751,不明,0.45581746101379395
H3M,"Utterance(participant='H3M', tokens=[Token(word='言う事無いよ', pos=None, mor=None, gra=None), Token(word='.', pos=None, mor=None, gra=None)], time_marks=(1077135, 1083077), tiers={'H3M': '言う事無いよ . \x151077135_1083077\x15', '%ort': 'yuu koto nai yo .'})",不明,0.5380030870437622,不明,0.5240095853805542,不明,0.44935598969459534
L3F,"Utterance(participant='L3F', tokens=[Token(word='あまり接した事が無いから分からないよね', pos=None, mor=None, gra=None), Token(word='.', pos=None, mor=None, gra=None)], time_marks=(1082674, 1088242), tiers={'L3F': 'あまり接した事が無いから分からないよね . \x151082674_1088242\x15', '%ort': 'am:ari sesshita koto ga nai kara wakannai [: wakaranai] yo ne: .'})",不明,0.5292119979858398,不明,0.5123394131660461,不明,0.484651654958725
K3F,"Utterance(participant='K3F', tokens=[Token(word='そう', pos=None, mor=None, gra=None), Token(word='.', pos=None, mor=None, gra=None)], time_marks=(1082674, 1088242), tiers={'K3F': '<そうそう> [/] そう . \x151082674_1088242\x15', '%ort': '<soo soo> [/] soo .'})",不明,0.5385012626647949,不明,0.49779197573661804,不明,0.4493197798728943
K3F,"Utterance(participant='K3F', tokens=[Token(word='深く接してないから分からない', pos=None, mor=None, gra=None), Token(word=',', pos=None, mor=None, gra=None), Token(word='その辺は', pos=None, mor=None, gra=None), Token(word='.', pos=None, mor=None, gra=None)], time_marks=(1082674, 1088242), tiers={'K3F': '深く接してないから分からない, その辺は . \x151082674_1088242\x15', '%ort': 'fukaku sesshitenai kara wakaranai „ sono hen wa .'})",スペシャリスト,0.5779440999031067,不明,0.4837573766708374,不明,0.5313957929611206
ALL,"Utterance(participant='ALL', tokens=[Token(word='.', pos=None, mor=None, gra=None)], time_marks=(1088241, 1092442), tiers={'ALL': '&=laugh . \x151088241_1092442\x15', '%ort': '&=laugh .'})",不明,0.5164696574211121,不明,0.48112621903419495,不明,0.3962680697441101
H3M,"Utterance(participant='H3M', tokens=[Token(word='そうか', pos=None, mor=None, gra=None), Token(word='.', pos=None, mor=None, gra=None)], time_marks=(1088241, 1092442), tiers={'H3M': 'そうか . \x151088241_1092442\x15', '%ort': 'so(o) k:a .'})",不明,0.5355034470558167,不明,0.47994160652160645,不明,0.4078224003314972
L3F,"Utterance(participant='L3F', tokens=[Token(word='.', pos=None, mor=None, gra=None)], time_marks=(1092441, 1101851), tiers={'L3F': '&=laugh . \x151092441_1101851\x15', '%ort': '&=laugh .'})",不明,0.5343431234359741,不明,0.47432705760002136,不明,0.41274893283843994
K3F,"Utterance(participant='K3F', tokens=[Token(word='長い', pos=None, mor=None, gra=None), Token(word='.', pos=None, mor=None, gra=None)], time_marks=(1092441, 1101851), tiers={'K3F': '長い . \x151092441_1101851\x15', '%ort': 'nagai .'})",スペシャリスト,0.5760188102722168,不明,0.500592052936554,不明,0.4539022743701935
H3M,"Utterance(participant='H3M', tokens=[Token(word='長いね', pos=None, mor=None, gra=None), Token(word='.', pos=None, mor=None, gra=None)], time_marks=(1092441, 1101851), tiers={'H3M': '長いね . \x151092441_1101851\x15', '%ort': 'nagee [: nagai ] ne .'})",スペシャリスト,0.5763673782348633,不明,0.5134174823760986,不明,0.4195360839366913
G3M,"Utterance(participant='G3M', tokens=[Token(word='.', pos=None, mor=None, gra=None)], time_marks=(1101049, 1102692), tiers={'G3M': 'xxx . \x151101049_1102692\x15', '%ort': 'xxx .'})",不明,0.5098721981048584,不明,0.4555513858795166,不明,0.3872212767601013
H3M,"Utterance(participant='H3M', tokens=[Token(word='K', pos=None, mor=None, gra=None), Token(word='いつ彼氏作るの', pos=None, mor=None, gra=None), Token(word='?', pos=None, mor=None, gra=None)], time_marks=(1102692, 1104366), tiers={'H3M': 'K [= K3Fの名前] いつ彼氏作るの ? \x151102692_1104366\x15', '%ort': 'K itsu kareshi tsukuru no ?'})",スペシャリスト,0.5636924505233765,不明,0.5188789367675781,不明,0.4661825895309448
K3F,"Utterance(participant='K3F', tokens=[Token(word='知らない', pos=None, mor=None, gra=None), Token(word='.', pos=None, mor=None, gra=None)], time_marks=(1104127, 1109465), tiers={'K3F': '知らない . \x151104127_1109465\x15', '%ort': 'shirana:i .'})",不明,0.5205864906311035,不明,0.4970676898956299,不明,0.42594560980796814
K3F,"Utterance(participant='K3F', tokens=[Token(word='いつ彼女作るの', pos=None, mor=None, gra=None), Token(word='?', pos=None, mor=None, gra=None)], time_marks=(1104127, 1109465), tiers={'K3F': 'いつ彼女作るの ? \x151104127_1109465\x15', '%ort': 'itsu kanojo tsukuru no ?'})",不明,0.46729204058647156,不明,0.4737495183944702,不明,0.3730297088623047
H3M,"Utterance(participant='H3M', tokens=[Token(word='お前居るの', pos=None, mor=None, gra=None), Token(word='?', pos=None, mor=None, gra=None)], time_marks=(1104127, 1109465), tiers={'H3M': 'お前居るの ? \x151104127_1109465\x15', '%ort': 'omae iru no ?'})",不明,0.5335556268692017,不明,0.5027595162391663,不明,0.42273664474487305
H3M,"Utterance(participant='H3M', tokens=[Token(word='うん', pos=None, mor=None, gra=None), Token(word='?', pos=None, mor=None, gra=None)], time_marks=(1104127, 1109465), tiers={'H3M': 'うん ? \x151104127_1109465\x15', '%ort': 'n ?'})",不明,0.5034023523330688,不明,0.4913026988506317,不明,0.37264204025268555
H3M,"Utterance(participant='H3M', tokens=[Token(word='俺', pos=None, mor=None, gra=None), Token(word='?', pos=None, mor=None, gra=None)], time_marks=None, tiers={'H3M': '俺 ?', '%ort': 'ore ?'})",不明,0.541638970375061,不明,0.5000201463699341,不明,0.45584821701049805
K3F,"Utterance(participant='K3F', tokens=[Token(word='うん', pos=None, mor=None, gra=None), Token(word='.', pos=None, mor=None, gra=None)], time_marks=(1104127, 1109465), tiers={'K3F': 'うん . \x151104127_1109465\x15', '%ort': 'un .'})",不明,0.5436391830444336,不明,0.5063236951828003,不明,0.42827460169792175
H3M,"Utterance(participant='H3M', tokens=[Token(word='知らない', pos=None, mor=None, gra=None), Token(word='.', pos=None, mor=None, gra=None)], time_marks=(1104127, 1109465), tiers={'H3M': '知らない . \x151104127_1109465\x15', '%ort': 'shiranai .'})",不明,0.5260964632034302,不明,0.49923408031463623,不明,0.3989114761352539
K3F,"Utterance(participant='K3F', tokens=[Token(word='.', pos=None, mor=None, gra=None)], time_marks=(1104127, 1109465), tiers={'K3F': '&=laugh . \x151104127_1109465\x15', '%ort': '&=laugh .'})",スペシャリスト,0.5534121990203857,不明,0.4805365204811096,不明,0.4209006428718567
G3M,"Utterance(participant='G3M', tokens=[Token(word='うんKそろそろ作らないとさ何かもう', pos=None, mor=None, gra=None), Token(word='...', pos=None, mor=None, gra=None)], time_marks=(1109464, 1115245), tiers={'G3M': 'うんKそろそろ作らないとさ何かもう +... \x151109464_1115245\x15', '%ort': 'un K [= K3Fの名前] sorosoro tsukuranai to sa nanka moo +...'})",不明,0.5226837396621704,不明,0.48708993196487427,不明,0.4279901385307312
K3F,"Utterance(participant='K3F', tokens=[Token(word='何でじゃん', pos=None, mor=None, gra=None), Token(word='?', pos=None, mor=None, gra=None)], time_marks=(1109464, 1115245), tiers={'K3F': '何でじゃん ? \x151109464_1115245\x15', '%ort': 'na:nde jan ?'})",不明,0.51263427734375,不明,0.4912777245044708,不明,0.4247536361217499
G3M,"Utterance(participant='G3M', tokens=[Token(word='だって何か', pos=None, mor=None, gra=None), Token(word='.', pos=None, mor=None, gra=None)], time_marks=(1114011, 1117905), tiers={'G3M': '&=laugh だって何か . \x151114011_1117905\x15', '%ort': '&=laugh datte nanka .'})",不明,0.5263557434082031,不明,0.5128732323646545,不明,0.4263535737991333
H3M,"Utterance(participant='H3M', tokens=[Token(word='いつから居ないの', pos=None, mor=None, gra=None), Token(word='?', pos=None, mor=None, gra=None)], time_marks=(1114011, 1117905), tiers={'H3M': 'いつから居ないの ? \x151114011_1117905\x15', '%ort': 'itsu kara inai no ?'})",不明,0.4697119891643524,不明,0.43890801072120667,不明,0.4189548194408417
K3F,"Utterance(participant='K3F', tokens=[Token(word='高一', pos=None, mor=None, gra=None), Token(word='.', pos=None, mor=None, gra=None)], time_marks=(1117904, 1124650), tiers={'K3F': '高一 . \x151117904_1124650\x15', '%ort': 'kooichi .'})",スペシャリスト,0.5773711800575256,不明,0.48529621958732605,不明,0.42665988206863403
H3M,"Utterance(participant='H3M', tokens=[Token(word='もう六年くらいなの', pos=None, mor=None, gra=None), Token(word='?', pos=None, mor=None, gra=None)], time_marks=(1117904, 1124650), tiers={'H3M': 'もう六年くらいなの ? \x151117904_1124650\x15', '%ort': 'moo rokunen kurai na no ?'})",不明,0.48887914419174194,不明,0.4502514600753784,不明,0.5203772783279419
K3F,"Utterance(participant='K3F', tokens=[Token(word='うん別に要らないもん', pos=None, mor=None, gra=None), Token(word='.', pos=None, mor=None, gra=None)], time_marks=(1117904, 1124650), tiers={'K3F': 'うん別に要らないもん . \x151117904_1124650\x15', '%ort': 'un betsu ni iranai mon .'})",スペシャリスト,0.5504850149154663,不明,0.49791908264160156,不明,0.4588717222213745
H3M,"Utterance(participant='H3M', tokens=[Token(word='ええ', pos=None, mor=None, gra=None), Token(word='?', pos=None, mor=None, gra=None)], time_marks=(1117904, 1124650), tiers={'H3M': 'ええ@i ? \x151117904_1124650\x15', '%ort': 'ee ?'})",スペシャリスト,0.5549309849739075,不明,0.5151506662368774,不明,0.4150051474571228
G3M,"Utterance(participant='G3M', tokens=[Token(word='いやあ', pos=None, mor=None, gra=None), Token(word='.', pos=None, mor=None, gra=None)], time_marks=(1117904, 1124650), tiers={'G3M': '<いやあいやあいやあ> [/] いやあ . \x151117904_1124650\x15', '%ort': '<iya(a) iya(a) iya(a)> [/] iya(a) .'})",不明,0.5067676901817322,不明,0.5062798261642456,不明,0.41797488927841187
L3F,"Utterance(participant='L3F', tokens=[Token(word='ええ', pos=None, mor=None, gra=None), Token(word='?', pos=None, mor=None, gra=None)], time_marks=(1123917, 1126884), tiers={'L3F': 'ええ@i ? \x151123917_1126884\x15', '%ort': 'ee ?'})",不明,0.5259803533554077,不明,0.49784696102142334,不明,0.41754287481307983
K3F,"Utterance(participant='K3F', tokens=[Token(word='必要無いもん', pos=None, mor=None, gra=None), Token(word='.', pos=None, mor=None, gra=None)], time_marks=(1123917, 1126884), tiers={'K3F': '必要無いもん . \x151123917_1126884\x15', '%ort': 'hitsuyoo nai mon .'})",スペシャリスト,0.5510450005531311,不明,0.5051434636116028,不明,0.4838727116584778
H3M,"Utterance(participant='H3M', tokens=[Token(word='ヒー', pos=None, mor=None, gra=None), Token(word='何', pos=None, mor=None, gra=None), Token(word='?', pos=None, mor=None, gra=None)], time_marks=(1126883, 1133157), tiers={'H3M': 'ヒー@i 何 ? \x151126883_1133157\x15', '%ort': 'hii@i nani ?'})",スペシャリスト,0.5503277778625488,不明,0.5249558091163635,不明,0.4540686309337616
H3M,"Utterance(participant='H3M', tokens=[Token(word='私は必要になったらすぐに出来るから良いわって', pos=None, mor=None, gra=None), Token(word='?', pos=None, mor=None, gra=None)], time_marks=(1126883, 1133157), tiers={'H3M': '私は必要になったらすぐに出来るから良いわって ? \x151126883_1133157\x15', '%ort': 'watashi wa hitsuyoo ni nattara sugu ni dekiru kara ii wa tte ?'})",スペシャリスト,0.5831505656242371,不明,0.5425199270248413,不明,0.4969119131565094
K3F,"Utterance(participant='K3F', tokens=[Token(word='そう', pos=None, mor=None, gra=None), Token(word='.', pos=None, mor=None, gra=None)], time_marks=(1126883, 1133157), tiers={'K3F': '<そうそう> [/] そう . \x151126883_1133157\x15', '%ort': '<soo soo> [/] soo .'})",不明,0.547053337097168,不明,0.5079420804977417,不明,0.46385857462882996
G3M,"Utterance(participant='G3M', tokens=[Token(word='うわー', pos=None, mor=None, gra=None), Token(word='.', pos=None, mor=None, gra=None)], time_marks=(1126883, 1133157), tiers={'G3M': 'うわー@i . \x151126883_1133157\x15', '%ort': 'uwaa .'})",不明,0.517169713973999,不明,0.49370256066322327,不明,0.3935004472732544
K3F,"Utterance(participant='K3F', tokens=[Token(word='.', pos=None, mor=None, gra=None)], time_marks=(1126883, 1133157), tiers={'K3F': '&=laugh . \x151126883_1133157\x15', '%ort': '&=laugh .'})",スペシャリスト,0.5672324895858765,不明,0.49358806014060974,不明,0.4336559772491455
H3M,"Utterance(participant='H3M', tokens=[Token(word='ウザい', pos=None, mor=None, gra=None), Token(word='.', pos=None, mor=None, gra=None)], time_marks=(1132087, 1136285), tiers={'H3M': 'ウザい . \x151132087_1136285\x15', '%ort': 'uz:ee [: uzai ] .'})",不明,0.5424208641052246,不明,0.5137828588485718,不明,0.3939605951309204
L3F,"Utterance(participant='L3F', tokens=[Token(word='K', pos=None, mor=None, gra=None), Token(word='には居るもんね', pos=None, mor=None, gra=None), Token(word=',', pos=None, mor=None, gra=None), Token(word='心の中に', pos=None, mor=None, gra=None), Token(word='.', pos=None, mor=None, gra=None)], time_marks=(1132087, 1136285), tiers={'L3F': 'K [= K3Fの前] には居るもんね, 心の中に . \x151132087_1136285\x15', '%ort': 'K ni wa iru mon ne „ kokoro no naka ni .'})",不明,0.5395196676254272,不明,0.515347421169281,不明,0.5485590696334839
K3F,"Utterance(participant='K3F', tokens=[Token(word='そう', pos=None, mor=None, gra=None), Token(word='.', pos=None, mor=None, gra=None)], time_marks=(1134934, 1137501), tiers={'K3F': '<そうそう> [/] そう . \x151134934_1137501\x15', '%ort': '<soo soo> [/] soo .'})",不明,0.5385929346084595,不明,0.5006036758422852,不明,0.4608757197856903
K3F,"Utterance(participant='K3F', tokens=[Token(word='一杯居るから良い', pos=None, mor=None, gra=None), Token(word='.', pos=None, mor=None, gra=None)], time_marks=(1134934, 1137501), tiers={'K3F': '一杯居るから良い . \x151134934_1137501\x15', '%ort': 'ippai iru kara ii .'})",不明,0.5469708442687988,不明,0.5105882883071899,不明,0.4563732147216797
H3M,"Utterance(participant='H3M', tokens=[Token(word='一杯居るんだ', pos=None, mor=None, gra=None), Token(word='.', pos=None, mor=None, gra=None)], time_marks=(1137035, 1140232), tiers={'H3M': '一杯居るんだ . \x151137035_1140232\x15', '%ort': 'ippai iru n da .'})",不明,0.5375038385391235,不明,0.5115675926208496,不明,0.44888901710510254
K3F,"Utterance(participant='K3F', tokens=[Token(word='ちょっとこれ残るんじゃん', pos=None, mor=None, gra=None), Token(word='.', pos=None, mor=None, gra=None)], time_marks=(1137035, 1140232), tiers={'K3F': 'ちょっとこれ残るんじゃん &=laugh . \x151137035_1140232\x15', '%ort': 'chot(to) kore nokoru jan &=laugh .'})",不明,0.524773359298706,不明,0.4961894750595093,不明,0.4214637875556946
H3M,"Utterance(participant='H3M', tokens=[Token(word='誰', pos=None, mor=None, gra=None), Token(word='?', pos=None, mor=None, gra=None)], time_marks=(1140231, 1144872), tiers={'H3M': '誰 ? \x151140231_1144872\x15', '%ort': 'dare ?'})",不明,0.49103039503097534,不明,0.4721570611000061,不明,0.39099323749542236
K3F,"Utterance(participant='K3F', tokens=[Token(word='何で言わなきゃ行けないの', pos=None, mor=None, gra=None), Token(word='?', pos=None, mor=None, gra=None)], time_marks=(1140231, 1144872), tiers={'K3F': '何で言わなきゃ行けないの ? \x151140231_1144872\x15', '%ort': 'nande iwanakya ikenai no: ?'})",スペシャリスト,0.5515738725662231,不明,0.5236328840255737,不明,0.479985773563385
H3M,"Utterance(participant='H3M', tokens=[Token(word='言ってよ', pos=None, mor=None, gra=None), Token(word='!', pos=None, mor=None, gra=None)], time_marks=(1140231, 1144872), tiers={'H3M': '言ってよ ! \x151140231_1144872\x15', '%ort': 'itte yo !'})",スペシャリスト,0.5917191505432129,リソース探究者,0.580357551574707,不明,0.5131105780601501
G3M,"Utterance(participant='G3M', tokens=[Token(word='横浜の彼', pos=None, mor=None, gra=None), Token(word='.', pos=None, mor=None, gra=None)], time_marks=(1140231, 1144872), tiers={'G3M': '横浜の彼 . \x151140231_1144872\x15', '%ort': 'Yokohama no kare .'})",不明,0.5195567607879639,不明,0.5085818767547607,不明,0.3984870910644531
H3M,"Utterance(participant='H3M', tokens=[Token(word='うん', pos=None, mor=None, gra=None), Token(word='?', pos=None, mor=None, gra=None)], time_marks=(1144430, 1147874), tiers={'H3M': 'うん ? \x151144430_1147874\x15', '%ort': 'n ?'})",不明,0.5121662616729736,不明,0.493409126996994,不明,0.37968382239341736
H3M,"Utterance(participant='H3M', tokens=[Token(word='あっ', pos=None, mor=None, gra=None), Token(word='.', pos=None, mor=None, gra=None)], time_marks=(1144430, 1147874), tiers={'H3M': 'あっ . \x151144430_1147874\x15', '%ort': 'a: .'})",不明,0.5439136028289795,不明,0.49881982803344727,不明,0.39492565393447876
K3F,"Utterance(participant='K3F', tokens=[Token(word='友達', pos=None, mor=None, gra=None), Token(word='.', pos=None, mor=None, gra=None)], time_marks=(1144430, 1147874), tiers={'K3F': '友達 . \x151144430_1147874\x15', '%ort': 'tomodachi .'})",不明,0.5449705123901367,不明,0.4946497082710266,不明,0.40100327134132385
H3M,"Utterance(participant='H3M', tokens=[Token(word='本当に', pos=None, mor=None, gra=None), Token(word='?', pos=None, mor=None, gra=None)], time_marks=(1147873, 1151442), tiers={'H3M': '本当に ? \x151147873_1151442\x15', '%ort': 'hontoo ni ?'})",不明,0.5478301048278809,不明,0.5234270095825195,不明,0.4431234300136566
K3F,"Utterance(participant='K3F', tokens=[Token(word='うん', pos=None, mor=None, gra=None), Token(word='.', pos=None, mor=None, gra=None)], time_marks=(1147873, 1151442), tiers={'K3F': 'うん . \x151147873_1151442\x15', '%ort': 'un .'})",不明,0.5451942682266235,不明,0.496562123298645,不明,0.4247587323188782
G3M,"Utterance(participant='G3M', tokens=[Token(word='今はね', pos=None, mor=None, gra=None), Token(word='.', pos=None, mor=None, gra=None)], time_marks=(1147873, 1151442), tiers={'G3M': '今はね . \x151147873_1151442\x15', '%ort': 'ima wa ne .'})",不明,0.5117911100387573,不明,0.4960361421108246,不明,0.42042845487594604
K3F,"Utterance(participant='K3F', tokens=[Token(word='ううん', pos=None, mor=None, gra=None), Token(word='ずっと', pos=None, mor=None, gra=None), Token(word='.', pos=None, mor=None, gra=None)], time_marks=(1147873, 1151442), tiers={'K3F': 'ううん@i ずっと . \x151147873_1151442\x15', '%ort': 'uun zutto .'})",不明,0.5409184694290161,不明,0.5045862197875977,不明,0.43637776374816895
H3M,"Utterance(participant='H3M', tokens=[Token(word='詐欺だなあ', pos=None, mor=None, gra=None), Token(word='.', pos=None, mor=None, gra=None)], time_marks=(1151440, 1154372), tiers={'H3M': '詐欺だなあ . \x151151440_1154372\x15', '%ort': 'sagi ya [: da] naa .'})",スペシャリスト,0.5523872375488281,不明,0.5029116272926331,不明,0.4272993803024292
K3F,"Utterance(participant='K3F', tokens=[Token(word='はー', pos=None, mor=None, gra=None), Token(word='.', pos=None, mor=None, gra=None)], time_marks=(1153817, 1159711), tiers={'K3F': 'はー@i . \x151153817_1159711\x15', '%ort': 'haa .'})",不明,0.5450886487960815,不明,0.4970332384109497,不明,0.40968626737594604
K3F,"Utterance(participant='K3F', tokens=[Token(word='普通に友達だよ', pos=None, mor=None, gra=None), Token(word='.', pos=None, mor=None, gra=None)], time_marks=(1153817, 1159711), tiers={'K3F': '普通に友達だよ . \x151153817_1159711\x15', '%ort': 'futsuu ni tomodachi yo .'})",スペシャリスト,0.553644061088562,不明,0.5106068849563599,不明,0.4312235713005066
K3F,"Utterance(participant='K3F', tokens=[Token(word='何で男の子と遊ぶと全部そうなるの', pos=None, mor=None, gra=None), Token(word='?', pos=None, mor=None, gra=None)], time_marks=(1153817, 1159711), tiers={'K3F': '何で男の子と遊ぶと全部そうなるの ? \x151153817_1159711\x15', '%ort': 'nande otokonoko to asobu to zembu soo na no ?'})",不明,0.5158119797706604,不明,0.4575469195842743,不明,0.4204978942871094
G3M,"Utterance(participant='G3M', tokens=[Token(word='.', pos=None, mor=None, gra=None)], time_marks=(1153817, 1159711), tiers={'G3M': '&=laugh . \x151153817_1159711\x15', '%ort': '&=laugh .'})",不明,0.520456850528717,不明,0.46583062410354614,不明,0.38744407892227173
H3M,"Utterance(participant='H3M', tokens=[Token(word='二人っきりで遊んだんでしょう', pos=None, mor=None, gra=None), Token(word='?', pos=None, mor=None, gra=None)], time_marks=(1159710, 1163378), tiers={'H3M': '二人っきりで遊んだんでしょう ? \x151159710_1163378\x15', '%ort': 'futarikkiri de asonda n desho(o) ?'})",不明,0.5259295105934143,不明,0.48949742317199707,不明,0.4089778959751129
K3F,"Utterance(participant='K3F', tokens=[Token(word='うんそんな子一杯居るよ', pos=None, mor=None, gra=None), Token(word='.', pos=None, mor=None, gra=None)], time_marks=(1159710, 1163378), tiers={'K3F': 'うんそんな子一杯居るよ . \x151159710_1163378\x15', '%ort': 'un sonna ko ippai iru yo .'})",不明,0.5396422743797302,不明,0.5073243379592896,不明,0.4481487572193146
K3F,"Utterance(participant='K3F', tokens=[Token(word='ここには居ないけど', pos=None, mor=None, gra=None), Token(word='.', pos=None, mor=None, gra=None)], time_marks=(1163377, 1169765), tiers={'K3F': 'ここには居ないけど . \x151163377_1169765\x15', '%ort': 'koko wa inai kedo .'})",不明,0.4844709634780884,不明,0.4579092860221863,不明,0.44640445709228516
H3M,"Utterance(participant='H3M', tokens=[Token(word='何が嫌なの', pos=None, mor=None, gra=None), Token(word='?', pos=None, mor=None, gra=None)], time_marks=(1163377, 1169765), tiers={'H3M': '何が嫌なの ? \x151163377_1169765\x15', '%ort': 'nani ga iya na no ?'})",不明,0.4954313337802887,不明,0.44773274660110474,不明,0.4077184498310089
H3M,"Utterance(participant='H3M', tokens=[Token(word='今度', pos=None, mor=None, gra=None), Token(word='.', pos=None, mor=None, gra=None)], time_marks=(1163377, 1169765), tiers={'H3M': '<今度> [/] 今度 . \x151163377_1169765\x15', '%ort': 'kondo [/] kondo .'})",スペシャリスト,0.5713037848472595,不明,0.522130012512207,不明,0.4542788863182068
G3M,"Utterance(participant='G3M', tokens=[Token(word='じゃ今度遊ぼう', pos=None, mor=None, gra=None), Token(word='.', pos=None, mor=None, gra=None)], time_marks=(1163377, 1169765), tiers={'G3M': 'じゃ今度遊ぼう . \x151163377_1169765\x15', '%ort': 'ja kondo asobo(o) .'})",不明,0.5323795080184937,不明,0.5123673677444458,不明,0.4429277777671814
K3F,"Utterance(participant='K3F', tokens=[Token(word='駄目', pos=None, mor=None, gra=None), Token(word='.', pos=None, mor=None, gra=None)], time_marks=(1163377, 1169765), tiers={'K3F': '駄目 . \x151163377_1169765\x15', '%ort': 'dame .'})",不明,0.5144190192222595,不明,0.4844593405723572,不明,0.4141424298286438
K3F,"Utterance(participant='K3F', tokens=[Token(word='ここは友達じゃないもんね', pos=None, mor=None, gra=None), Token(word='.', pos=None, mor=None, gra=None)], time_marks=(1163377, 1169765), tiers={'K3F': 'ここは友達じゃないもんね . \x151163377_1169765\x15', '%ort': 'koko wa tomodachi janai mon ne .'})",不明,0.5404621362686157,不明,0.49925434589385986,不明,0.41456931829452515
L3F,"Utterance(participant='L3F', tokens=[Token(word='うん', pos=None, mor=None, gra=None), Token(word='.', pos=None, mor=None, gra=None)], time_marks=(1163377, 1169765), tiers={'L3F': 'うん . \x151163377_1169765\x15', '%ort': 'u:n .'})",不明,0.5158786773681641,不明,0.49263796210289,不明,0.4099053740501404
G3M,"Utterance(participant='G3M', tokens=[Token(word='えっ', pos=None, mor=None, gra=None), Token(word='?', pos=None, mor=None, gra=None)], time_marks=(1169431, 1171857), tiers={'G3M': 'えっ ? \x151169431_1171857\x15', '%ort': 'eq ?'})",不明,0.5339560508728027,不明,0.507117509841919,不明,0.41887223720550537
G3M,"Utterance(participant='G3M', tokens=[Token(word='何', pos=None, mor=None, gra=None), Token(word='?', pos=None, mor=None, gra=None)], time_marks=(1169431, 1171857), tiers={'G3M': '<何> [/] 何 ? \x151169431_1171857\x15', '%ort': 'nani [/] nani ?'})",不明,0.5126214027404785,不明,0.5029516220092773,不明,0.4282241761684418
K3F,"Utterance(participant='K3F', tokens=[Token(word='クラスメイト', pos=None, mor=None, gra=None), Token(word='.', pos=None, mor=None, gra=None)], time_marks=(1169431, 1171857), tiers={'K3F': 'クラスメイト &=laugh . \x151169431_1171857\x15', '%ort': 'kurasumeito &=laugh .'})",不明,0.5408047437667847,不明,0.49056291580200195,不明,0.4163973033428192
G3M,"Utterance(participant='G3M', tokens=[Token(word='クラスメイトも友達じゃん', pos=None, mor=None, gra=None), Token(word='.', pos=None, mor=None, gra=None)], time_marks=(1171856, 1177535), tiers={'G3M': 'クラスメイトも友達じゃん . \x151171856_1177535\x15', '%ort': 'kurasumeito mo tomodachi jan .'})",不明,0.5079572200775146,不明,0.47578108310699463,不明,0.3842039704322815
G3M,"Utterance(participant='G3M', tokens=[Token(word='クラスの友達', pos=None, mor=None, gra=None), Token(word='.', pos=None, mor=None, gra=None)], time_marks=(1171856, 1177535), tiers={'G3M': 'クラスの友達 . \x151171856_1177535\x15', '%ort': 'kurasu no tomodachi .'})",不明,0.5252262353897095,不明,0.48642024397850037,不明,0.36954042315483093
H3M,"Utterance(participant='H3M', tokens=[Token(word='同じじゃん', pos=None, mor=None, gra=None), Token(word='.', pos=None, mor=None, gra=None)], time_marks=(1171856, 1177535), tiers={'H3M': '同じじゃん . \x151171856_1177535\x15', '%ort': 'onaji jan .'})",不明,0.5378609895706177,不明,0.5111774206161499,不明,0.3950040936470032
H3M,"Utterance(participant='H3M', tokens=[Token(word='友達じゃん', pos=None, mor=None, gra=None), Token(word='.', pos=None, mor=None, gra=None)], time_marks=(1171856, 1177535), tiers={'H3M': '友達じゃん . \x151171856_1177535\x15', '%ort': 'tomodachi jan .'})",不明,0.5405392646789551,不明,0.509344220161438,不明,0.38584721088409424
H3M,"Utterance(participant='H3M', tokens=[Token(word='友達だよ', pos=None, mor=None, gra=None), Token(word='.', pos=None, mor=None, gra=None)], time_marks=(1171856, 1177535), tiers={'H3M': '友達だよ . \x151171856_1177535\x15', '%ort': 'tomodachi da yo .'})",スペシャリスト,0.5602938532829285,不明,0.5219830274581909,不明,0.4173031449317932
K3F,"Utterance(participant='K3F', tokens=[Token(word='違う', pos=None, mor=None, gra=None), Token(word='.', pos=None, mor=None, gra=None)], time_marks=(1171856, 1177535), tiers={'K3F': '<違う> [/] 違う . \x151171856_1177535\x15', '%ort': 'chigau [/] chigau .'})",不明,0.5377283692359924,不明,0.5015110969543457,不明,0.4832785725593567
H3M,"Utterance(participant='H3M', tokens=[Token(word='俺達友達だよ', pos=None, mor=None, gra=None), Token(word='.', pos=None, mor=None, gra=None)], time_marks=(1177396, 1180267), tiers={'H3M': '俺達友達だよ . \x151177396_1180267\x15', '%ort': 'oretachi tomodachi da yo .'})",スペシャリスト,0.5509693622589111,不明,0.5043649673461914,不明,0.4097050726413727
K3F,"Utterance(participant='K3F', tokens=[Token(word='学校の子みたいな', pos=None, mor=None, gra=None), Token(word='.', pos=None, mor=None, gra=None)], time_marks=(1177396, 1180267), tiers={'K3F': '学校の子みたいな . \x151177396_1180267\x15', '%ort': 'gakkoo no ko↑ mitai na .'})",スペシャリスト,0.5596515536308289,不明,0.4704166650772095,不明,0.41349196434020996
L3F,"Utterance(participant='L3F', tokens=[Token(word='うん', pos=None, mor=None, gra=None), Token(word='.', pos=None, mor=None, gra=None)], time_marks=(1177396, 1180267), tiers={'L3F': 'うん . \x151177396_1180267\x15', '%ort': 'u:n .'})",不明,0.5189246535301208,不明,0.4930383265018463,不明,0.4120982587337494
K3F,"Utterance(participant='K3F', tokens=[Token(word='遊ばないの', pos=None, mor=None, gra=None), Token(word=',', pos=None, mor=None, gra=None), Token(word='女の子と', pos=None, mor=None, gra=None), Token(word='?', pos=None, mor=None, gra=None)], time_marks=(1180266, 1184680), tiers={'K3F': '&=laugh 遊ばないの, 女の子と ? \x151180266_1184680\x15', '%ort': '&=laugh asobanai no „ onnanoko to ?'})",不明,0.4904768764972687,不明,0.47300654649734497,不明,0.388902872800827
H3M,"Utterance(participant='H3M', tokens=[Token(word='いやあ', pos=None, mor=None, gra=None), Token(word='遊んだ事ない', pos=None, mor=None, gra=None), Token(word='.', pos=None, mor=None, gra=None)], time_marks=(1184679, 1187385), tiers={'H3M': 'いやあ@i 遊んだ事ない . \x151184679_1187385\x15', '%ort': 'iyaa asonda koto nai .'})",不明,0.5293824672698975,不明,0.4918871819972992,不明,0.4288482069969177
K3F,"Utterance(participant='K3F', tokens=[Token(word='ふうん', pos=None, mor=None, gra=None), Token(word='.', pos=None, mor=None, gra=None)], time_marks=(1184679, 1187385), tiers={'K3F': 'ふうん@i . \x151184679_1187385\x15', '%ort': 'fuun .'})",スペシャリスト,0.5771880149841309,不明,0.4826151132583618,不明,0.4109286665916443
G3M,"Utterance(participant='G3M', tokens=[Token(word='嘘ばっかりだ', pos=None, mor=None, gra=None), Token(word='.', pos=None, mor=None, gra=None)], time_marks=(1184679, 1187385), tiers={'G3M': '嘘ばっかりだ . \x151184679_1187385\x15', '%ort': 'uso bakka [: bakkari] ya [: da] .'})",不明,0.5091907978057861,不明,0.46729451417922974,不明,0.39557650685310364
K3F,"Utterance(participant='K3F', tokens=[Token(word='ふうん', pos=None, mor=None, gra=None), Token(word='意外', pos=None, mor=None, gra=None), Token(word='.', pos=None, mor=None, gra=None)], time_marks=(1187050, 1190850), tiers={'K3F': 'ふうん@i 意外 . \x151187050_1190850\x15', '%ort': 'fuun igai .'})",スペシャリスト,0.5805087089538574,不明,0.5042530298233032,不明,0.4408436417579651
H3M,"Utterance(participant='H3M', tokens=[Token(word='そんなさ気の無い男とさ二人っきりで遊べるの', pos=None, mor=None, gra=None), Token(word='?', pos=None, mor=None, gra=None)], time_marks=(1190116, 1195118), tiers={'H3M': 'そんなさ気の無い男とさ二人っきりで遊べるの ? \x151190116_1195118\x15', '%ort': 'sonna sa ki no nai otoko to sa futarikkiri de asoberu no ?'})",不明,0.483684778213501,不明,0.4287208914756775,不明,0.37741819024086
K3F,"Utterance(participant='K3F', tokens=[Token(word='うん友達だもん', pos=None, mor=None, gra=None), Token(word='.', pos=None, mor=None, gra=None)], time_marks=(1190116, 1195118), tiers={'K3F': 'うん友達だもん . \x151190116_1195118\x15', '%ort': 'un tomodachi da mon .'})",スペシャリスト,0.565554141998291,不明,0.5160836577415466,不明,0.4223850965499878
H3M,"Utterance(participant='H3M', tokens=[Token(word='ふうん', pos=None, mor=None, gra=None), Token(word='どうですか', pos=None, mor=None, gra=None), Token(word='?', pos=None, mor=None, gra=None)], time_marks=(1195117, 1200091), tiers={'H3M': 'ふうん@i どうですか ? \x151195117_1200091\x15', '%ort': 'fuun doo desu ka ?'})",スペシャリスト,0.5841671228408813,不明,0.4911074936389923,不明,0.434934139251709
K3F,"Utterance(participant='K3F', tokens=[Token(word='えー', pos=None, mor=None, gra=None), Token(word='?', pos=None, mor=None, gra=None)], time_marks=(1195117, 1200091), tiers={'K3F': 'えー@i ? \x151195117_1200091\x15', '%ort': 'ee ?'})",スペシャリスト,0.5510544180870056,不明,0.5078041553497314,不明,0.4391850233078003
G3M,"Utterance(participant='G3M', tokens=[Token(word='まあ良いんじゃない', pos=None, mor=None, gra=None), Token(word='.', pos=None, mor=None, gra=None)], time_marks=(1195117, 1200091), tiers={'G3M': 'まあ良いんじゃない . \x151195117_1200091\x15', '%ort': 'maa ii n janai .'})",不明,0.5208836793899536,不明,0.5003757476806641,不明,0.4064962863922119
K3F,"Utterance(participant='K3F', tokens=[Token(word='遊ばない', pos=None, mor=None, gra=None), Token(word='?', pos=None, mor=None, gra=None)], time_marks=(1199796, 1205067), tiers={'K3F': '遊ばない ? \x151199796_1205067\x15', '%ort': 'asoban [: asobanai] ?'})",不明,0.5430873036384583,不明,0.5028121471405029,不明,0.44546258449554443
K3F,"Utterance(participant='K3F', tokens=[Token(word='遊ぶよね', pos=None, mor=None, gra=None), Token(word=',', pos=None, mor=None, gra=None), Token(word='別に', pos=None, mor=None, gra=None), Token(word='?', pos=None, mor=None, gra=None)], time_marks=(1199796, 1205067), tiers={'K3F': '遊ぶよね, 別に ? \x151199796_1205067\x15', '%ort': 'asobu yo ne „ betsu ni ?'})",スペシャリスト,0.5505442023277283,不明,0.5278406143188477,不明,0.4756729006767273
L3F,"Utterance(participant='L3F', tokens=[Token(word='うん遊ぶ', pos=None, mor=None, gra=None), Token(word='.', pos=None, mor=None, gra=None)], time_marks=(1199796, 1205067), tiers={'L3F': 'うん遊ぶ . \x151199796_1205067\x15', '%ort': 'un asobu .'})",不明,0.5188102722167969,不明,0.5022016167640686,不明,0.3973149359226227
K3F,"Utterance(participant='K3F', tokens=[Token(word='ほら', pos=None, mor=None, gra=None), Token(word='.', pos=None, mor=None, gra=None)], time_marks=(1199796, 1205067), tiers={'K3F': 'ほら@i . \x151199796_1205067\x15', '%ort': 'hora .'})",不明,0.5470232367515564,不明,0.49670031666755676,不明,0.42171430587768555
H3M,"Utterance(participant='H3M', tokens=[Token(word='えー', pos=None, mor=None, gra=None), Token(word='.', pos=None, mor=None, gra=None)], time_marks=(1203728, 1211904), tiers={'H3M': 'えー@i . \x151203728_1211904\x15', '%ort': 'ee .'})",不明,0.5465267896652222,不明,0.5085757970809937,不明,0.4026503562927246
L3F,"Utterance(participant='L3F', tokens=[Token(word='えっ', pos=None, mor=None, gra=None), Token(word='?', pos=None, mor=None, gra=None)], time_marks=(1203728, 1211904), tiers={'L3F': 'えっ ? \x151203728_1211904\x15', '%ort': 'eq ?'})",不明,0.5402403473854065,不明,0.5156396627426147,不明,0.4453272521495819
L3F,"Utterance(participant='L3F', tokens=[Token(word='駄目なの', pos=None, mor=None, gra=None), Token(word='?', pos=None, mor=None, gra=None)], time_marks=(1203728, 1211904), tiers={'L3F': '駄目なの ? \x151203728_1211904\x15', '%ort': 'dame na no ?'})",不明,0.5014501810073853,不明,0.47996386885643005,不明,0.4080910384654999
L3F,"Utterance(participant='L3F', tokens=[Token(word='何が駄目なのかが分からない', pos=None, mor=None, gra=None), Token(word='...', pos=None, mor=None, gra=None)], time_marks=None, tiers={'L3F': '何が駄目なのかが分からない +...', '%ort': 'nani ga dame na no ka ga wakara(nai) +...'})",不明,0.5264708399772644,不明,0.48308148980140686,不明,0.4506920874118805
L3F,"Utterance(participant='L3F', tokens=[Token(word='えっ', pos=None, mor=None, gra=None), Token(word='だってさ普通に彼女が居る子と遊んじゃ駄目', pos=None, mor=None, gra=None), Token(word='?', pos=None, mor=None, gra=None)], time_marks=None, tiers={'L3F': 'えっ &+だっ だってさ普通に彼女が居る子と遊んじゃ駄目 ?', '%ort': 'eq &+dat datte saa futsuu ni kanojo ga iru ko to asonja dame ?'})",不明,0.4960218369960785,不明,0.44405436515808105,不明,0.40018314123153687
H3M,"Utterance(participant='H3M', tokens=[Token(word='まあそれはね', pos=None, mor=None, gra=None), Token(word='.', pos=None, mor=None, gra=None)], time_marks=(1209762, 1213574), tiers={'H3M': 'まあそれはね . \x151209762_1213574\x15', '%ort': 'maa sore wa ne .'})",不明,0.5321987271308899,不明,0.5024687051773071,不明,0.39410755038261414
L3F,"Utterance(participant='L3F', tokens=[Token(word='どう違うの', pos=None, mor=None, gra=None), Token(word='?', pos=None, mor=None, gra=None)], time_marks=(1209762, 1213574), tiers={'L3F': 'どう違うの ? \x151209762_1213574\x15', '%ort': 'doo chigau no ?'})",不明,0.5266537070274353,不明,0.5002207159996033,不明,0.4330461919307709
K3F,"Utterance(participant='K3F', tokens=[Token(word='うん', pos=None, mor=None, gra=None), Token(word='.', pos=None, mor=None, gra=None)], time_marks=(1209762, 1213574), tiers={'K3F': 'うん . \x151209762_1213574\x15', '%ort': 'un .'})",不明,0.5417801141738892,不明,0.5030045509338379,不明,0.43121153116226196
K3F,"Utterance(participant='K3F', tokens=[Token(word='友達だもん', pos=None, mor=None, gra=None), Token(word='.', pos=None, mor=None, gra=None)], time_marks=(1213573, 1215881), tiers={'K3F': '友達だもん . \x151213573_1215881\x15', '%ort': 'tomodachi da mon .'})",不明,0.5451301336288452,不明,0.5122814178466797,不明,0.40458428859710693
L3F,"Utterance(participant='L3F', tokens=[Token(word='だって', pos=None, mor=None, gra=None), Token(word='.', pos=None, mor=None, gra=None)], time_marks=(1213573, 1215881), tiers={'L3F': 'だって . \x151213573_1215881\x15', '%ort': 'datte .'})",不明,0.5407418012619019,不明,0.5268386006355286,不明,0.43446266651153564
H3M,"Utterance(participant='H3M', tokens=[Token(word='向こう意識してるかも知れないじゃん', pos=None, mor=None, gra=None), Token(word='.', pos=None, mor=None, gra=None)], time_marks=(1215677, 1224619), tiers={'H3M': '向こう意識してるかも知れないじゃん . \x151215677_1224619\x15', '%ort': 'mukoo ishiki shiteru kamoshirenai jan .'})",スペシャリスト,0.576151967048645,不明,0.5297375917434692,不明,0.45645958185195923
K3F,"Utterance(participant='K3F', tokens=[Token(word='してない', pos=None, mor=None, gra=None), Token(word='.', pos=None, mor=None, gra=None)], time_marks=(1215677, 1224619), tiers={'K3F': '<してない> [/] してない . \x151215677_1224619\x15', '%ort': '<shitenai> [/] shitenai .'})",不明,0.5430880784988403,不明,0.49774259328842163,不明,0.4480438828468323
K3F,"Utterance(participant='K3F', tokens=[Token(word='別にしてたとしても', pos=None, mor=None, gra=None), Token(word='.', pos=None, mor=None, gra=None)], time_marks=(1215677, 1224619), tiers={'K3F': '別にしてたとしても . \x151215677_1224619\x15', '%ort': 'betsu ni shiteta toshite mo .'})",スペシャリスト,0.563694953918457,不明,0.49206438660621643,不明,0.45790261030197144
G3M,"Utterance(participant='G3M', tokens=[Token(word='それはでも分からないじゃない', pos=None, mor=None, gra=None), Token(word='.', pos=None, mor=None, gra=None)], time_marks=(1215677, 1224619), tiers={'G3M': 'それはでも分からないじゃない . \x151215677_1224619\x15', '%ort': 'sore wa demo wakaran [: wakaranai] janai .'})",不明,0.5408258438110352,不明,0.5251001119613647,不明,0.4366152882575989
K3F,"Utterance(participant='K3F', tokens=[Token(word='そう', pos=None, mor=None, gra=None), Token(word='.', pos=None, mor=None, gra=None)], time_marks=(1215677, 1224619), tiers={'K3F': '<そう> [/] そう . \x151215677_1224619\x15', '%ort': 'soo [/] soo .'})",スペシャリスト,0.5544138550758362,不明,0.5187338590621948,不明,0.4539530277252197
K3F,"Utterance(participant='K3F', tokens=[Token(word='別にしてたとしてもただの友達だと思ってるから関係ないし', pos=None, mor=None, gra=None), Token(word='.', pos=None, mor=None, gra=None)], time_marks=(1215677, 1224619), tiers={'K3F': '別にしてたとしてもただの友達だと思ってるから関係ないし . \x151215677_1224619\x15', '%ort': 'betsu ni shiteta toshite mo tada no tomodachi da to omotteru kara kankee nai shi .'})",スペシャリスト,0.5709551572799683,不明,0.49467411637306213,不明,0.4538595974445343
L3F,"Utterance(participant='L3F', tokens=[Token(word='内らには関係ないよね', pos=None, mor=None, gra=None), Token(word='.', pos=None, mor=None, gra=None)], time_marks=(1215677, 1224619), tiers={'L3F': '内らには関係ないよね . \x151215677_1224619\x15', '%ort': 'uchira ni wa kankee nai yo .'})",不明,0.5358832478523254,不明,0.5193402171134949,不明,0.4644047021865845
H3M,"Utterance(participant='H3M', tokens=[Token(word='ヒー', pos=None, mor=None, gra=None), Token(word='酷だなあ', pos=None, mor=None, gra=None), Token(word='.', pos=None, mor=None, gra=None)], time_marks=(1224177, 1226983), tiers={'H3M': 'ヒー@i 酷だなあ . \x151224177_1226983\x15', '%ort': 'hii@i koku da naa .'})",スペシャリスト,0.5576993227005005,不明,0.516740083694458,不明,0.42185503244400024
K3F,"Utterance(participant='K3F', tokens=[Token(word='ええ', pos=None, mor=None, gra=None), Token(word='だって', pos=None, mor=None, gra=None), Token(word='.', pos=None, mor=None, gra=None)], time_marks=(1224177, 1226982), tiers={'K3F': 'ええ@i だって . \x151224177_1226982\x15', '%ort': 'ee datte .'})",スペシャリスト,0.5574474930763245,不明,0.5432889461517334,不明,0.4557996392250061
H3M,"Utterance(participant='H3M', tokens=[Token(word='酷', pos=None, mor=None, gra=None), Token(word=',', pos=None, mor=None, gra=None), Token(word='本当', pos=None, mor=None, gra=None), Token(word='.', pos=None, mor=None, gra=None)], time_marks=(1226424, 1229160), tiers={'H3M': '酷, 本当 . \x151226424_1229160\x15', '%ort': 'koku „ hontoo .'})",スペシャリスト,0.5647730827331543,不明,0.5464026927947998,不明,0.4628830850124359
K3F,"Utterance(participant='K3F', tokens=[Token(word='ね', pos=None, mor=None, gra=None), Token(word='.', pos=None, mor=None, gra=None)], time_marks=(1226424, 1229160), tiers={'K3F': 'ね . \x151226424_1229160\x15', '%ort': 'ne: .'})",不明,0.5420969724655151,不明,0.5018618106842041,不明,0.4342884421348572
L3F,"Utterance(participant='L3F', tokens=[Token(word='うん遊ぶよ', pos=None, mor=None, gra=None), Token(word='.', pos=None, mor=None, gra=None)], time_marks=(1229118, 1235188), tiers={'L3F': 'うん遊ぶよ . \x151229118_1235188\x15', '%ort': 'un asobu yo: .'})",不明,0.5187581777572632,不明,0.5086956024169922,不明,0.4001273512840271
K3F,"Utterance(participant='K3F', tokens=[Token(word='全然余裕', pos=None, mor=None, gra=None), Token(word='.', pos=None, mor=None, gra=None)], time_marks=(1229118, 1235188), tiers={'K3F': '全然余裕 . \x151229118_1235188\x15', '%ort': 'zenzen yoyuu .'})",スペシャリスト,0.5556366443634033,不明,0.5304519534111023,不明,0.44738489389419556
K3F,"Utterance(participant='K3F', tokens=[Token(word='えっ二対一とかでも遊ぶよ', pos=None, mor=None, gra=None), Token(word='.', pos=None, mor=None, gra=None)], time_marks=(1235187, 1239599), tiers={'K3F': 'えっ二対一とかでも遊ぶよ . \x151235187_1239599\x15', '%ort': 'eq ni tai ichi toka de mo asobu yo .'})",不明,0.5086803436279297,不明,0.4959442615509033,不明,0.4285988211631775
H3M,"Utterance(participant='H3M', tokens=[Token(word='あっ', pos=None, mor=None, gra=None), Token(word='.', pos=None, mor=None, gra=None)], time_marks=(1235187, 1239599), tiers={'H3M': 'あっ . \x151235187_1239599\x15', '%ort': 'a: .'})",不明,0.5291248559951782,不明,0.4981815218925476,不明,0.38687559962272644
L3F,"Utterance(participant='L3F', tokens=[Token(word='うん', pos=None, mor=None, gra=None), Token(word='.', pos=None, mor=None, gra=None)], time_marks=(1235187, 1239599), tiers={'L3F': '<うん> [/] うん . \x151235187_1239599\x15', '%ort': 'un [/] un .'})",不明,0.5120453238487244,不明,0.5023417472839355,不明,0.4096093773841858
H3M,"Utterance(participant='H3M', tokens=[Token(word='それはね', pos=None, mor=None, gra=None), Token(word='.', pos=None, mor=None, gra=None)], time_marks=(1239598, 1247045), tiers={'H3M': 'それはね . \x151239598_1247045\x15', '%ort': 'sore wa ne .'})",スペシャリスト,0.5502100586891174,不明,0.5043967962265015,不明,0.40496575832366943
L3F,"Utterance(participant='L3F', tokens=[Token(word='駄目だったの', pos=None, mor=None, gra=None), Token(word='?', pos=None, mor=None, gra=None)], time_marks=(1239598, 1247045), tiers={'L3F': '駄目だったの ? \x151239598_1247045\x15', '%ort': 'dame datta no: ?'})",不明,0.47401249408721924,不明,0.45696425437927246,不明,0.4115528464317322
L3F,"Utterance(participant='L3F', tokens=[Token(word='えっだって', pos=None, mor=None, gra=None), Token(word='.', pos=None, mor=None, gra=None)], time_marks=(1239598, 1247045), tiers={'L3F': 'えっだって . \x151239598_1247045\x15', '%ort': 'eq datte .'})",不明,0.5122174024581909,不明,0.48923957347869873,不明,0.43264085054397583
K3F,"Utterance(participant='K3F', tokens=[Token(word='駄目なの', pos=None, mor=None, gra=None), Token(word='?', pos=None, mor=None, gra=None)], time_marks=(1239598, 1247045), tiers={'K3F': '駄目なの ? \x151239598_1247045\x15', '%ort': 'dame na no ?'})",不明,0.51511549949646,不明,0.47431328892707825,不明,0.41076433658599854
L3F,"Utterance(participant='L3F', tokens=[Token(word='遊んでるよね', pos=None, mor=None, gra=None), Token(word='.', pos=None, mor=None, gra=None)], time_marks=(1247044, 1253786), tiers={'L3F': '遊んでるよね . \x151247044_1253786\x15', '%ort': 'asonderu yo ne .'})",不明,0.5277424454689026,不明,0.4987609386444092,不明,0.4283401370048523
K3F,"Utterance(participant='K3F', tokens=[Token(word='うん', pos=None, mor=None, gra=None), Token(word='.', pos=None, mor=None, gra=None)], time_marks=(1247044, 1253786), tiers={'K3F': 'うん &=laugh . \x151247044_1253786\x15', '%ort': 'un &=laugh .'})",不明,0.5256280899047852,不明,0.4907212555408478,不明,0.3959157466888428
H3M,"Utterance(participant='H3M', tokens=[Token(word='誰と', pos=None, mor=None, gra=None), Token(word='?', pos=None, mor=None, gra=None)], time_marks=(1247044, 1253786), tiers={'H3M': '誰と ? \x151247044_1253786\x15', '%ort': 'dare to ?'})",不明,0.50118088722229,不明,0.4700051248073578,不明,0.4091457724571228
K3F,"Utterance(participant='K3F', tokens=[Token(word='O', pos=None, mor=None, gra=None), Token(word='の友達と', pos=None, mor=None, gra=None), Token(word='.', pos=None, mor=None, gra=None)], time_marks=(1247044, 1253786), tiers={'K3F': 'O [= 地名] の友達と . \x151247044_1253786\x15', '%ort': 'O no tomodachi to .'})",スペシャリスト,0.5550422668457031,不明,0.5124908089637756,不明,0.4343871474266052
K3F,"Utterance(participant='K3F', tokens=[Token(word='普通に遊ぶよ', pos=None, mor=None, gra=None), Token(word=',', pos=None, mor=None, gra=None), Token(word='一対一', pos=None, mor=None, gra=None), Token(word='.', pos=None, mor=None, gra=None)], time_marks=(1253785, 1258318), tiers={'K3F': '普通に遊ぶよ, 一対一 . \x151253785_1258318\x15', '%ort': 'futsuu ni asobu yo „ ichi tai ichi .'})",不明,0.5367637872695923,不明,0.5126800537109375,不明,0.4696647822856903
K3F,"Utterance(participant='K3F', tokens=[Token(word='ご飯とか食べに行くよね', pos=None, mor=None, gra=None), Token(word='.', pos=None, mor=None, gra=None)], time_marks=(1253785, 1258318), tiers={'K3F': 'ご飯とか食べに行くよね . \x151253785_1258318\x15', '%ort': 'gohan toka tabe ni iku yo ne: .'})",不明,0.5304620265960693,不明,0.5149191617965698,不明,0.4462628662586212
L3F,"Utterance(participant='L3F', tokens=[Token(word='うん', pos=None, mor=None, gra=None), Token(word='.', pos=None, mor=None, gra=None)], time_marks=(1253785, 1258318), tiers={'L3F': '<うん> [/] うん . \x151253785_1258318\x15', '%ort': 'un [/] un .'})",不明,0.5254603624343872,不明,0.515312910079956,不明,0.41957366466522217
H3M,"Utterance(participant='H3M', tokens=[Token(word='何で俺らは誘ってくれないの', pos=None, mor=None, gra=None), Token(word='?', pos=None, mor=None, gra=None)], time_marks=(1258317, 1259920), tiers={'H3M': '何で俺らは誘ってくれないの ? \x151258317_1259920\x15', '%ort': 'nande orera wa sasotte kuren [: kurenai] no ?'})",スペシャリスト,0.5599335432052612,不明,0.533849835395813,不明,0.4711303114891052
K3F,"Utterance(participant='K3F', tokens=[Token(word='だからお友達じゃない', pos=None, mor=None, gra=None), Token(word='.', pos=None, mor=None, gra=None)], time_marks=(1259583, 1264861), tiers={'K3F': 'だからお友達じゃない &=laugh . \x151259583_1264861\x15', '%ort': 'dakara otomodachi janai &=laugh .'})",不明,0.5293759703636169,不明,0.487325519323349,不明,0.4126960039138794
L3F,"Utterance(participant='L3F', tokens=[Token(word='えっ違う', pos=None, mor=None, gra=None), Token(word='.', pos=None, mor=None, gra=None)], time_marks=(1259583, 1264861), tiers={'L3F': '&=laugh えっ違う . \x151259583_1264861\x15', '%ort': '&=laugh eq chigau .'})",不明,0.531032919883728,不明,0.5003470778465271,不明,0.4371068775653839
L3F,"Utterance(participant='L3F', tokens=[Token(word='誘われてないもんね', pos=None, mor=None, gra=None), Token(word='.', pos=None, mor=None, gra=None)], time_marks=(1259583, 1264861), tiers={'L3F': '誘われてないもんね . \x151259583_1264861\x15', '%ort': 'sasowaretenai mon ne .'})",スペシャリスト,0.5625107288360596,不明,0.4906193017959595,不明,0.4577416777610779
K3F,"Utterance(participant='K3F', tokens=[Token(word='そう', pos=None, mor=None, gra=None), Token(word='.', pos=None, mor=None, gra=None)], time_marks=(1259583, 1264861), tiers={'K3F': '<そうそう> [/] そう . \x151259583_1264861\x15', '%ort': '<soo soo> [/] soo .'})",不明,0.5402311086654663,不明,0.49506810307502747,不明,0.45834821462631226
H3M,"Utterance(participant='H3M', tokens=[Token(word='いつでも迎えに行くよ', pos=None, mor=None, gra=None), Token(word='.', pos=None, mor=None, gra=None)], time_marks=(1264859, 1267699), tiers={'H3M': 'いつでも迎えに行くよ . \x151264859_1267699\x15', '%ort': 'itsu demo mukae ni iku yo .'})",スペシャリスト,0.5690397024154663,不明,0.5141307711601257,不明,0.4487302601337433
K3F,"Utterance(participant='K3F', tokens=[Token(word='来ないじゃんね', pos=None, mor=None, gra=None), Token(word='.', pos=None, mor=None, gra=None)], time_marks=(1264859, 1267699), tiers={'K3F': '来ないじゃんね . \x151264859_1267699\x15', '%ort': 'konai jan ne: .'})",不明,0.5233185291290283,不明,0.526077389717102,不明,0.440108060836792
L3F,"Utterance(participant='L3F', tokens=[Token(word='うん', pos=None, mor=None, gra=None), Token(word='.', pos=None, mor=None, gra=None)], time_marks=(1264859, 1267699), tiers={'L3F': 'うん . \x151264859_1267699\x15', '%ort': 'un .'})",不明,0.5294064283370972,不明,0.4998944401741028,不明,0.4204649031162262
H3M,"Utterance(participant='H3M', tokens=[Token(word='本当行く', pos=None, mor=None, gra=None), Token(word='.', pos=None, mor=None, gra=None)], time_marks=(1267698, 1272089), tiers={'H3M': '本当行く . \x151267698_1272089\x15', '%ort': 'honto iku .'})",不明,0.5461878776550293,不明,0.5231589674949646,不明,0.42232024669647217
H3M,"Utterance(participant='H3M', tokens=[Token(word='じゃ行く', pos=None, mor=None, gra=None), Token(word='.', pos=None, mor=None, gra=None)], time_marks=(1267698, 1272089), tiers={'H3M': 'じゃ行く . \x151267698_1272089\x15', '%ort': 'ja iku .'})",不明,0.5160646438598633,不明,0.4917590022087097,不明,0.4019685387611389
H3M,"Utterance(participant='H3M', tokens=[Token(word='じゃ行くよ', pos=None, mor=None, gra=None), Token(word='.', pos=None, mor=None, gra=None)], time_marks=(1267698, 1272089), tiers={'H3M': 'じゃ行くよ . \x151267698_1272089\x15', '%ort': 'ja iku yo .'})",不明,0.5200907588005066,不明,0.4962414801120758,不明,0.39616090059280396
H3M,"Utterance(participant='H3M', tokens=[Token(word='じゃ行く', pos=None, mor=None, gra=None), Token(word='.', pos=None, mor=None, gra=None)], time_marks=(1267698, 1272089), tiers={'H3M': 'じゃ行く . \x151267698_1272089\x15', '%ort': 'ja iku .'})",不明,0.5160646438598633,不明,0.4917590022087097,不明,0.4019685387611389
K3F,"Utterance(participant='K3F', tokens=[Token(word='来れば', pos=None, mor=None, gra=None), Token(word='?', pos=None, mor=None, gra=None)], time_marks=(1267698, 1272089), tiers={'K3F': '<来れば> [/] 来れば &=laugh ? \x151267698_1272089\x15', '%ort': 'kureba [/] kureba &=laugh ?'})",不明,0.5475562810897827,不明,0.5420923829078674,不明,0.47661617398262024
H3M,"Utterance(participant='H3M', tokens=[Token(word='じゃ行くわ', pos=None, mor=None, gra=None), Token(word='.', pos=None, mor=None, gra=None)], time_marks=(1272088, 1275240), tiers={'H3M': 'じゃ行くわ . \x151272088_1275240\x15', '%ort': 'ja iku wa .'})",不明,0.5361500978469849,不明,0.5149599313735962,不明,0.42145001888275146
H3M,"Utterance(participant='H3M', tokens=[Token(word='日曜日行くわ', pos=None, mor=None, gra=None), Token(word='.', pos=None, mor=None, gra=None)], time_marks=(1272088, 1275240), tiers={'H3M': '日曜日行くわ . \x151272088_1275240\x15', '%ort': 'nichiyoobi iku wa .'})",不明,0.5346630811691284,不明,0.5067294836044312,不明,0.44256871938705444
K3F,"Utterance(participant='K3F', tokens=[Token(word='日曜日居ないよ', pos=None, mor=None, gra=None), Token(word=',', pos=None, mor=None, gra=None), Token(word='多分', pos=None, mor=None, gra=None), Token(word='.', pos=None, mor=None, gra=None)], time_marks=(1272088, 1275240), tiers={'K3F': '日曜日居ないよ, 多分 . \x151272088_1275240\x15', '%ort': 'nichiyoobi inai yo „ tabun .'})",不明,0.46355491876602173,不明,0.45446881651878357,不明,0.4284021258354187
H3M,"Utterance(participant='H3M', tokens=[Token(word='何で', pos=None, mor=None, gra=None), Token(word='?', pos=None, mor=None, gra=None)], time_marks=(1272088, 1275240), tiers={'H3M': '何で ? \x151272088_1275240\x15', '%ort': 'nande ?'})",不明,0.5385112762451172,不明,0.4926453232765198,不明,0.4354020357131958
K3F,"Utterance(participant='K3F', tokens=[Token(word='来れば', pos=None, mor=None, gra=None), Token(word='?', pos=None, mor=None, gra=None)], time_marks=(1275239, 1278739), tiers={'K3F': '来れば ? \x151275239_1278739\x15', '%ort': 'kureba ?'})",不明,0.5195919871330261,不明,0.5232555866241455,不明,0.46549591422080994
H3M,"Utterance(participant='H3M', tokens=[Token(word='来れば', pos=None, mor=None, gra=None), Token(word='?', pos=None, mor=None, gra=None)], time_marks=(1275239, 1278739), tiers={'H3M': '来れば ? \x151275239_1278739\x15', '%ort': 'kureba ?'})",不明,0.5246870517730713,不明,0.5270227193832397,不明,0.44344285130500793
K3F,"Utterance(participant='K3F', tokens=[Token(word='.', pos=None, mor=None, gra=None)], time_marks=(1275239, 1278739), tiers={'K3F': '&=laugh . \x151275239_1278739\x15', '%ort': '&=laugh .'})",スペシャリスト,0.5521520972251892,不明,0.47421425580978394,不明,0.4235538840293884
K3F,"Utterance(participant='K3F', tokens=[Token(word='もう嫌だ', pos=None, mor=None, gra=None), Token(word='.', pos=None, mor=None, gra=None)], time_marks=(1278738, 1283567), tiers={'K3F': 'もう嫌だ . \x151278738_1283567\x15', '%ort': 'moo (i)ya da .'})",不明,0.4406603276729584,不明,0.4043857455253601,不明,0.40521296858787537
K3F,"Utterance(participant='K3F', tokens=[Token(word='意味が分からない', pos=None, mor=None, gra=None), Token(word='.', pos=None, mor=None, gra=None)], time_marks=(1278738, 1283567), tiers={'K3F': '意味が分からない . \x151278738_1283567\x15', '%ort': 'imi ga wakar(a)nai .'})",不明,0.5301273465156555,不明,0.5272983312606812,不明,0.45209720730781555
K3F,"Utterance(participant='K3F', tokens=[Token(word='えっ遊ぶよ', pos=None, mor=None, gra=None), Token(word=',', pos=None, mor=None, gra=None), Token(word='普通に', pos=None, mor=None, gra=None), Token(word='.', pos=None, mor=None, gra=None)], time_marks=(1283566, 1287019), tiers={'K3F': 'えっ遊ぶよ, 普通に . \x151283566_1287019\x15', '%ort': 'eq asobu yo „ futsuu ni .'})",スペシャリスト,0.5734992027282715,不明,0.5375369787216187,不明,0.4890879690647125
L3F,"Utterance(participant='L3F', tokens=[Token(word='うん', pos=None, mor=None, gra=None), Token(word='.', pos=None, mor=None, gra=None)], time_marks=(1283566, 1287019), tiers={'L3F': 'うん . \x151283566_1287019\x15', '%ort': 'u:n .'})",不明,0.5251662731170654,不明,0.4887855350971222,不明,0.43057069182395935
H3M,"Utterance(participant='H3M', tokens=[Token(word='そうか', pos=None, mor=None, gra=None), Token(word='.', pos=None, mor=None, gra=None)], time_marks=(1287018, 1291723), tiers={'H3M': 'そうか . \x151287018_1291723\x15', '%ort': 'so(o) k:a .'})",不明,0.5427753925323486,不明,0.4791691303253174,不明,0.4218587279319763
L3F,"Utterance(participant='L3F', tokens=[Token(word='うん', pos=None, mor=None, gra=None), Token(word='.', pos=None, mor=None, gra=None)], time_marks=None, tiers={'L3F': 'うん .', '%ort': 'un .'})",不明,0.5403839945793152,不明,0.5060986876487732,不明,0.4487297832965851
L3F,"Utterance(participant='L3F', tokens=[Token(word='だってそしたら普通にお友達', pos=None, mor=None, gra=None), Token(word='居なく成っちゃう', pos=None, mor=None, gra=None), Token(word='.', pos=None, mor=None, gra=None)], time_marks=(1287018, 1291723), tiers={'L3F': 'だってそしたら普通にお友達 (.) 居なく成っちゃう . \x151287018_1291723\x15', '%ort': 'datte soshitara futsuu ni otomodachi (.) inaku natchau .'})",不明,0.5172597765922546,不明,0.48267465829849243,不明,0.44488823413848877
L3F,"Utterance(participant='L3F', tokens=[Token(word='うん', pos=None, mor=None, gra=None), Token(word='.', pos=None, mor=None, gra=None)], time_marks=(1287018, 1291723), tiers={'L3F': 'うん . \x151287018_1291723\x15', '%ort': 'un .'})",不明,0.5343565344810486,不明,0.5021740198135376,不明,0.43077510595321655
H3M,"Utterance(participant='H3M', tokens=[Token(word='友達居ないの', pos=None, mor=None, gra=None), Token(word='?', pos=None, mor=None, gra=None)], time_marks=(1291722, 1300166), tiers={'H3M': '友達居ないの ? \x151291722_1300166\x15', '%ort': 'tomodachi inai no ?'})",不明,0.45156052708625793,不明,0.4282914102077484,不明,0.38134241104125977
L3F,"Utterance(participant='L3F', tokens=[Token(word='えっだって友達は女の子だけって事', pos=None, mor=None, gra=None), Token(word='?', pos=None, mor=None, gra=None)], time_marks=(1291722, 1300166), tiers={'L3F': 'えっだって友達は女の子だけって事 ? \x151291722_1300166\x15', '%ort': 'eq datte tomodachi wa onnanoko dake tte koto ?'})",不明,0.48525387048721313,不明,0.43576595187187195,不明,0.35613250732421875
K3F,"Utterance(participant='K3F', tokens=[Token(word='うん', pos=None, mor=None, gra=None), Token(word='.', pos=None, mor=None, gra=None)], time_marks=(1291722, 1300166), tiers={'K3F': 'うん . \x151291722_1300166\x15', '%ort': 'u:n .'})",不明,0.539554238319397,不明,0.49265605211257935,不明,0.43393707275390625
ALL,"Utterance(participant='ALL', tokens=[Token(word='.', pos=None, mor=None, gra=None)], time_marks=(1300165, 1307532), tiers={'ALL': '&=laugh . \x151300165_1307532\x15', '%ort': '&=laugh .'})",不明,0.5302186012268066,不明,0.49080175161361694,不明,0.42215508222579956
K3F,"Utterance(participant='K3F', tokens=[Token(word='なんで', pos=None, mor=None, gra=None), Token(word='?', pos=None, mor=None, gra=None)], time_marks=(1300165, 1307532), tiers={'K3F': 'なんで ? \x151300165_1307532\x15', '%ort': 'na:nde ?'})",不明,0.5484663248062134,不明,0.5004185438156128,不明,0.44232016801834106
K3F,"Utterance(participant='K3F', tokens=[Token(word='遊ぶよね', pos=None, mor=None, gra=None), Token(word='?', pos=None, mor=None, gra=None)], time_marks=(1300165, 1307532), tiers={'K3F': '遊ぶよね ? \x151300165_1307532\x15', '%ort': 'asobu yo ne ?'})",不明,0.5412404537200928,不明,0.49708712100982666,不明,0.42179396748542786
L3F,"Utterance(participant='L3F', tokens=[Token(word='うん', pos=None, mor=None, gra=None), Token(word='.', pos=None, mor=None, gra=None)], time_marks=(1300165, 1307532), tiers={'L3F': 'うん . \x151300165_1307532\x15', '%ort': 'u:n .'})",不明,0.5298956632614136,不明,0.5018004775047302,不明,0.4306061565876007
H3M,"Utterance(participant='H3M', tokens=[Token(word='まあねそれは普通だよね', pos=None, mor=None, gra=None), Token(word='.', pos=None, mor=None, gra=None)], time_marks=(1307262, 1311606), tiers={'H3M': 'まあねそれは普通だよね . \x151307262_1311606\x15', '%ort': 'maa ne sorya [: sore wa] futsuu da yo ne .'})",スペシャリスト,0.5635286569595337,不明,0.5240541696548462,不明,0.4351450502872467
H3M,"Utterance(participant='H3M', tokens=[Token(word='ごめん', pos=None, mor=None, gra=None), Token(word='.', pos=None, mor=None, gra=None)], time_marks=None, tiers={'H3M': 'ごめん@g .', '%ort': 'gomen .'})",スペシャリスト,0.5650153160095215,不明,0.5375865697860718,不明,0.48847121000289917
H3M,"Utterance(participant='H3M', tokens=[Token(word='普通だった', pos=None, mor=None, gra=None), Token(word='.', pos=None, mor=None, gra=None)], time_marks=None, tiers={'H3M': '普通だった .', '%ort': 'futsuu datta .'})",スペシャリスト,0.5540406107902527,不明,0.5326418876647949,不明,0.4393330216407776
H3M,"Utterance(participant='H3M', tokens=[Token(word='うん', pos=None, mor=None, gra=None), Token(word='.', pos=None, mor=None, gra=None)], time_marks=(1307262, 1311606), tiers={'H3M': 'うん . \x151307262_1311606\x15', '%ort': 'un .'})",スペシャリスト,0.5563012361526489,不明,0.5115500092506409,不明,0.41779834032058716
K3F,"Utterance(participant='K3F', tokens=[Token(word='うん', pos=None, mor=None, gra=None), Token(word='.', pos=None, mor=None, gra=None)], time_marks=(1307262, 1311606), tiers={'K3F': 'うん . \x151307262_1311606\x15', '%ort': 'un .'})",スペシャリスト,0.5531994104385376,不明,0.5073080062866211,不明,0.4423820376396179
L3F,"Utterance(participant='L3F', tokens=[Token(word='うん', pos=None, mor=None, gra=None), Token(word='.', pos=None, mor=None, gra=None)], time_marks=(1307262, 1311606), tiers={'L3F': 'うん . \x151307262_1311606\x15', '%ort': 'un .'})",不明,0.5371576547622681,不明,0.5062739253044128,不明,0.4333936870098114
K3F,"Utterance(participant='K3F', tokens=[Token(word='だって友達だもん', pos=None, mor=None, gra=None), Token(word='.', pos=None, mor=None, gra=None)], time_marks=(1311605, 1314070), tiers={'K3F': 'だって友達だもん . \x151311605_1314070\x15', '%ort': 'datte tomodachi da mon .'})",スペシャリスト,0.5700541734695435,不明,0.5125242471694946,不明,0.42472970485687256
L3F,"Utterance(participant='L3F', tokens=[Token(word='うん', pos=None, mor=None, gra=None), Token(word='.', pos=None, mor=None, gra=None)], time_marks=(1311605, 1314070), tiers={'L3F': 'うん . \x151311605_1314070\x15', '%ort': 'un .'})",不明,0.5412155389785767,不明,0.5168444514274597,不明,0.4380958080291748
H3M,"Utterance(participant='H3M', tokens=[Token(word='うん', pos=None, mor=None, gra=None), Token(word='.', pos=None, mor=None, gra=None)], time_marks=(1311605, 1314070), tiers={'H3M': 'うん . \x151311605_1314070\x15', '%ort': 'un .'})",スペシャリスト,0.56268310546875,不明,0.5233311653137207,不明,0.4240392744541168
G3M,"Utterance(participant='G3M', tokens=[Token(word='そう頻繁に会わなくて良くない', pos=None, mor=None, gra=None), Token(word='?', pos=None, mor=None, gra=None)], time_marks=(1314069, 1316381), tiers={'G3M': 'そう頻繁に会わなくて良くない ? \x151314069_1316381\x15', '%ort': 'soo himpan ni awande [: awanakute] yoku nai ?'})",不明,0.5173739194869995,不明,0.4541848301887512,不明,0.4360964596271515
K3F,"Utterance(participant='K3F', tokens=[Token(word='うん別に頻繁じゃないけど普通に遊ぶよね', pos=None, mor=None, gra=None), Token(word='.', pos=None, mor=None, gra=None)], time_marks=(1316380, 1322853), tiers={'K3F': 'うん別に頻繁じゃないけど普通に遊ぶよね . \x151316380_1322853\x15', '%ort': 'un betsu ni himpan janai kedo futsuu ni asobu yo ne .'})",スペシャリスト,0.5620465874671936,不明,0.495376318693161,不明,0.4629939794540405
L3F,"Utterance(participant='L3F', tokens=[Token(word='うん', pos=None, mor=None, gra=None), Token(word='?', pos=None, mor=None, gra=None)], time_marks=(1316380, 1322853), tiers={'L3F': 'うん ? \x151316380_1322853\x15', '%ort': 'n ?'})",不明,0.4820324182510376,不明,0.4759005308151245,不明,0.38186851143836975
L3F,"Utterance(participant='L3F', tokens=[Token(word='うんまあ人によりって感じ', pos=None, mor=None, gra=None), Token(word='.', pos=None, mor=None, gra=None)], time_marks=(1316380, 1322853), tiers={'L3F': 'うんまあ人によりって感じ . \x151316380_1322853\x15', '%ort': 'u:n maa hito ni yori tte kanji .'})",スペシャリスト,0.579076886177063,不明,0.533318281173706,不明,0.4469265341758728
L3F,"Utterance(participant='L3F', tokens=[Token(word='頻繁に会う子は会うし', pos=None, mor=None, gra=None), Token(word='.', pos=None, mor=None, gra=None)], time_marks=(1316380, 1322853), tiers={'L3F': '頻繁に会う子は会うし . \x151316380_1322853\x15', '%ort': 'himpan ni au ko wa au shi .'})",不明,0.5313949584960938,不明,0.47687941789627075,不明,0.481841117143631
H3M,"Utterance(participant='H3M', tokens=[Token(word='女の子は自由だね', pos=None, mor=None, gra=None), Token(word='.', pos=None, mor=None, gra=None)], time_marks=(1322852, 1327326), tiers={'H3M': '女の子は自由だね . \x151322852_1327326\x15', '%ort': 'onnanoko jiyuu da ne .'})",不明,0.472555547952652,不明,0.4698367118835449,不明,0.355407178401947
H3M,"Utterance(participant='H3M', tokens=[Token(word='自由だと思う', pos=None, mor=None, gra=None), Token(word='.', pos=None, mor=None, gra=None)], time_marks=(1322852, 1327326), tiers={'H3M': '自由だと思う . \x151322852_1327326\x15', '%ort': 'jiyuu da to omou .'})",スペシャリスト,0.5526266098022461,不明,0.5387400984764099,不明,0.4802906811237335
K3F,"Utterance(participant='K3F', tokens=[Token(word='うん', pos=None, mor=None, gra=None), Token(word='.', pos=None, mor=None, gra=None)], time_marks=(1322852, 1327326), tiers={'K3F': 'うん . \x151322852_1327326\x15', '%ort': 'un .'})",不明,0.541161835193634,不明,0.48921433091163635,不明,0.42797744274139404
K3F,"Utterance(participant='K3F', tokens=[Token(word='だって別に出会い系とかで出会った訳じゃないしね', pos=None, mor=None, gra=None), Token(word='.', pos=None, mor=None, gra=None)], time_marks=(1327324, 1334918), tiers={'K3F': 'だって別に出会い系とかで出会った訳じゃないしね . \x151327324_1334918\x15', '%ort': 'datte betsu ni deaikee toka de deatta wake janai shi ne .'})",不明,0.5440701842308044,不明,0.5089837312698364,不明,0.4839702248573303
K3F,"Utterance(participant='K3F', tokens=[Token(word='小ちゃい頃から知ってるから', pos=None, mor=None, gra=None), Token(word='.', pos=None, mor=None, gra=None)], time_marks=(1327324, 1334918), tiers={'K3F': '小ちゃい頃から知ってるから . \x151327324_1334918\x15', '%ort': 'chitchai koro kara shitteru kara .'})",不明,0.5425615310668945,不明,0.5059773325920105,不明,0.4832390546798706
L3F,"Utterance(participant='L3F', tokens=[Token(word='そう', pos=None, mor=None, gra=None), Token(word='.', pos=None, mor=None, gra=None)], time_marks=(1327324, 1334918), tiers={'L3F': '<そう> [/] そう . \x151327324_1334918\x15', '%ort': 'soo [/] soo .'})",不明,0.5298398733139038,不明,0.501636803150177,不明,0.44702014327049255
L3F,"Utterance(participant='L3F', tokens=[Token(word='普通にさ友達の', pos=None, mor=None, gra=None), Token(word='友達とかだから', pos=None, mor=None, gra=None), Token(word='.', pos=None, mor=None, gra=None)], time_marks=(1327324, 1334918), tiers={'L3F': '普通にさ友達の &+と 友達とかだから . \x151327324_1334918\x15', '%ort': 'futsuu ni saa tomodachi no &+to tomodachi toka da kara .'})",スペシャリスト,0.5824488997459412,不明,0.513215959072113,不明,0.47979214787483215
L3F,"Utterance(participant='L3F', tokens=[Token(word='楽しいよ', pos=None, mor=None, gra=None), Token(word='.', pos=None, mor=None, gra=None)], time_marks=(1334917, 1337692), tiers={'L3F': '楽しいよ . \x151334917_1337692\x15', '%ort': 'tanoshii yo .'})",スペシャリスト,0.5912707448005676,不明,0.5243129134178162,不明,0.4442526698112488
K3F,"Utterance(participant='K3F', tokens=[Token(word='なんで', pos=None, mor=None, gra=None), Token(word='?', pos=None, mor=None, gra=None)], time_marks=(1337691, 1351148), tiers={'K3F': 'なんで ? \x151337691_1351148\x15', '%ort': 'na:nde ?'})",不明,0.5447803139686584,不明,0.4945601224899292,不明,0.44163277745246887
K3F,"Utterance(participant='K3F', tokens=[Token(word='何が行けないの', pos=None, mor=None, gra=None), Token(word='?', pos=None, mor=None, gra=None)], time_marks=(1337691, 1351148), tiers={'K3F': '何が行けないの ? \x151337691_1351148\x15', '%ort': 'nani ga ikenai no ?'})",スペシャリスト,0.5524650812149048,不明,0.4874758720397949,不明,0.48753708600997925
H3M,"Utterance(participant='H3M', tokens=[Token(word='別に何も行けないって言ってない', pos=None, mor=None, gra=None), Token(word='.', pos=None, mor=None, gra=None)], time_marks=(1337691, 1351148), tiers={'H3M': '<別に何も> [/] 別に何も行けないって言ってない . \x151337691_1351148\x15', '%ort': '<betsu ni nanimo> [/] betsu ni nanimo ikenai tte ittenai .'})",スペシャリスト,0.5557017922401428,不明,0.5228039622306824,不明,0.5072677135467529
L3F,"Utterance(participant='L3F', tokens=[Token(word='でも間があったもんね', pos=None, mor=None, gra=None), Token(word='.', pos=None, mor=None, gra=None)], time_marks=(1337691, 1351148), tiers={'L3F': 'でも間があったもんね . \x151337691_1351148\x15', '%ort': 'demo ma ga atta mon ne .'})",不明,0.5469500422477722,不明,0.5022013187408447,不明,0.44281119108200073
K3F,"Utterance(participant='K3F', tokens=[Token(word='そう', pos=None, mor=None, gra=None), Token(word='?', pos=None, mor=None, gra=None)], time_marks=(1337691, 1351148), tiers={'K3F': 'そう ? \x151337691_1351148\x15', '%ort': 'soo↓ ?'})",不明,0.5296099781990051,不明,0.4766581952571869,不明,0.4630165696144104
H3M,"Utterance(participant='H3M', tokens=[Token(word='ふうん', pos=None, mor=None, gra=None), Token(word='.', pos=None, mor=None, gra=None)], time_marks=None, tiers={'H3M': 'ふうん@i .', '%ort': 'fuun .'})",スペシャリスト,0.5896105766296387,不明,0.4966704845428467,不明,0.42478278279304504
H3M,"Utterance(participant='H3M', tokens=[Token(word='そうかって思って', pos=None, mor=None, gra=None), Token(word='.', pos=None, mor=None, gra=None)], time_marks=(1337691, 1351148), tiers={'H3M': 'そうかって思って . \x151337691_1351148\x15', '%ort': 'so(o) ka tte omotte .'})",不明,0.5460926294326782,不明,0.5093708038330078,不明,0.4449222981929779
H3M,"Utterance(participant='H3M', tokens=[Token(word='納得してるの', pos=None, mor=None, gra=None), Token(word='.', pos=None, mor=None, gra=None)], time_marks=None, tiers={'H3M': '納得してるの .', '%ort': 'nattoku shite (i)r(u) no .'})",不明,0.5335392951965332,不明,0.5166057348251343,不明,0.4523150324821472
H3M,"Utterance(participant='H3M', tokens=[Token(word='どう言う気持ちで遊んでるかと思って', pos=None, mor=None, gra=None), Token(word='.', pos=None, mor=None, gra=None)], time_marks=(1337691, 1351148), tiers={'H3M': 'どう言う気持ちで遊んでるかと思って . \x151337691_1351148\x15', '%ort': 'dooiu kimochi de asonderu ka to omotte .'})",スペシャリスト,0.5652107000350952,不明,0.5116627216339111,不明,0.4633113741874695
K3F,"Utterance(participant='K3F', tokens=[Token(word='納得した', pos=None, mor=None, gra=None), Token(word='?', pos=None, mor=None, gra=None)], time_marks=(1337691, 1351148), tiers={'K3F': '納得した ? \x151337691_1351148\x15', '%ort': 'nattoku shita ?'})",不明,0.5224189758300781,不明,0.5182338953018188,不明,0.45671477913856506
K3F,"Utterance(participant='K3F', tokens=[Token(word='女の子と遊んでる時と一緒だよね', pos=None, mor=None, gra=None), Token(word='.', pos=None, mor=None, gra=None)], time_marks=(1351147, 1353811), tiers={'K3F': '女の子と遊んでる時と一緒だよね . \x151351147_1353811\x15', '%ort': 'onnanoko to asonderu toki to issho da yo ne .'})",不明,0.4648030996322632,不明,0.4356306195259094,不明,0.3407675623893738
L3F,"Utterance(participant='L3F', tokens=[Token(word='うん', pos=None, mor=None, gra=None), Token(word='.', pos=None, mor=None, gra=None)], time_marks=(1351147, 1353811), tiers={'L3F': 'うん . \x151351147_1353811\x15', '%ort': 'un .'})",不明,0.5253005027770996,不明,0.5061273574829102,不明,0.4314550757408142
L3F,"Utterance(participant='L3F', tokens=[Token(word='普通にご飯みたいな感じが', pos=None, mor=None, gra=None), Token(word='.', pos=None, mor=None, gra=None)], time_marks=(1353810, 1357155), tiers={'L3F': '普通にご飯みたいな感じが . \x151353810_1357155\x15', '%ort': 'futsuu ni gohan mitai na kanji ga .'})",スペシャリスト,0.5556806325912476,不明,0.513106107711792,不明,0.4454517960548401
H3M,"Utterance(participant='H3M', tokens=[Token(word='奢ってもらうの', pos=None, mor=None, gra=None), Token(word='?', pos=None, mor=None, gra=None)], time_marks=(1357154, 1360509), tiers={'H3M': '奢ってもらうの ? \x151357154_1360509\x15', '%ort': 'ogotte morau no ?'})",スペシャリスト,0.5513449311256409,不明,0.49158287048339844,不明,0.4252094030380249
L3F,"Utterance(participant='L3F', tokens=[Token(word='うん人に依る', pos=None, mor=None, gra=None), Token(word='.', pos=None, mor=None, gra=None)], time_marks=(1357154, 1360509), tiers={'L3F': 'うん人に依る . \x151357154_1360509\x15', '%ort': 'un hito ni yoru .'})",不明,0.4906865954399109,不明,0.49431854486465454,不明,0.4084438681602478
G3M,"Utterance(participant='G3M', tokens=[Token(word='うんって言ったよね', pos=None, mor=None, gra=None), Token(word='.', pos=None, mor=None, gra=None)], time_marks=(1360508, 1361893), tiers={'G3M': 'うんって言ったよね . \x151360508_1361893\x15', '%ort': 'un tte itta yo ne .'})",不明,0.5363794565200806,不明,0.517436683177948,不明,0.454172819852829
K3F,"Utterance(participant='K3F', tokens=[Token(word='働いてたら奢ってもらうんだよね', pos=None, mor=None, gra=None), Token(word='.', pos=None, mor=None, gra=None)], time_marks=(1361892, 1365829), tiers={'K3F': '働いてたら奢ってもらうんだよね . \x151361892_1365829\x15', '%ort': 'hataraitetara ogotte morau n da yo ne .'})",不明,0.5416566133499146,不明,0.49804025888442993,不明,0.41480836272239685
L3F,"Utterance(participant='L3F', tokens=[Token(word='K', pos=None, mor=None, gra=None), Token(word='の友達社会人多いから', pos=None, mor=None, gra=None), Token(word='.', pos=None, mor=None, gra=None)], time_marks=(1361892, 1365829), tiers={'L3F': 'K [= K3Fの名前] の友達社会人多いから . \x151361892_1365829\x15', '%ort': 'K no tomodachi shakaijin ooi kara .'})",スペシャリスト,0.5622787475585938,不明,0.515254020690918,不明,0.44916632771492004
H3M,"Utterance(participant='H3M', tokens=[Token(word='えー', pos=None, mor=None, gra=None), Token(word='.', pos=None, mor=None, gra=None)], time_marks=(1365827, 1368529), tiers={'H3M': 'えー@i . \x151365827_1368529\x15', '%ort': 'ee .'})",不明,0.5424856543540955,不明,0.4995652437210083,不明,0.3914869427680969
L3F,"Utterance(participant='L3F', tokens=[Token(word='だって女の子にも奢ってもらうもん', pos=None, mor=None, gra=None), Token(word='.', pos=None, mor=None, gra=None)], time_marks=(1365827, 1368529), tiers={'L3F': 'だって女の子にも奢ってもらうもん . \x151365827_1368529\x15', '%ort': 'datte onnanoko ni mo ogotte morau mon .'})",不明,0.4769574701786041,不明,0.4636821746826172,不明,0.34784722328186035
K3F,"Utterance(participant='K3F', tokens=[Token(word='うん', pos=None, mor=None, gra=None), Token(word='.', pos=None, mor=None, gra=None)], time_marks=(1368528, 1369996), tiers={'K3F': 'うん . \x151368528_1369996\x15', '%ort': 'un .'})",不明,0.5401726961135864,不明,0.5011990070343018,不明,0.42635488510131836
H3M,"Utterance(participant='H3M', tokens=[Token(word='羽振りが良いなあ', pos=None, mor=None, gra=None), Token(word='.', pos=None, mor=None, gra=None)], time_marks=(1369996, 1377932), tiers={'H3M': '羽振りが良いなあ . \x151369996_1377932\x15', '%ort': 'haburi ga ii naa .'})",不明,0.5353572368621826,不明,0.4851635694503784,不明,0.38142210245132446
K3F,"Utterance(participant='K3F', tokens=[Token(word='ケチじゃないもん', pos=None, mor=None, gra=None), Token(word='.', pos=None, mor=None, gra=None)], time_marks=(1369996, 1377932), tiers={'K3F': 'ケチじゃないもん . \x151369996_1377932\x15', '%ort': 'kechi janai mon .'})",不明,0.5390043258666992,不明,0.49341943860054016,不明,0.42306700348854065
L3F,"Utterance(participant='L3F', tokens=[Token(word='うん', pos=None, mor=None, gra=None), Token(word='.', pos=None, mor=None, gra=None)], time_marks=(1369996, 1377932), tiers={'L3F': 'うん . \x151369996_1377932\x15', '%ort': 'un .'})",不明,0.5175697803497314,不明,0.49497002363204956,不明,0.4042782485485077
H3M,"Utterance(participant='H3M', tokens=[Token(word='.', pos=None, mor=None, gra=None)], time_marks=(1369996, 1377932), tiers={'H3M': '&=laugh . \x151369996_1377932\x15', '%ort': '&=laugh .'})",不明,0.5423821806907654,不明,0.477480411529541,不明,0.3779299855232239
H3M,"Utterance(participant='H3M', tokens=[Token(word='社会人だったらね', pos=None, mor=None, gra=None), Token(word='.', pos=None, mor=None, gra=None)], time_marks=(1377241, 1382934), tiers={'H3M': '社会人だったらね . \x151377241_1382934\x15', '%ort': 'shakaijin dattara ne .'})",不明,0.5198452472686768,不明,0.4941593408584595,不明,0.3985079526901245
H3M,"Utterance(participant='H3M', tokens=[Token(word='そんなに奢っても', pos=None, mor=None, gra=None), Token(word='.', pos=None, mor=None, gra=None)], time_marks=(1377241, 1382934), tiers={'H3M': 'そんなに奢っても . \x151377241_1382934\x15', '%ort': 'sonna ni ogotte mo .'})",スペシャリスト,0.5620173215866089,不明,0.48855483531951904,不明,0.40838682651519775
L3F,"Utterance(participant='L3F', tokens=[Token(word='うん社会人だもん', pos=None, mor=None, gra=None), Token(word='.', pos=None, mor=None, gra=None)], time_marks=(1377241, 1382934), tiers={'L3F': 'うん社会人だもん . \x151377241_1382934\x15', '%ort': 'un shakaijin da mon .'})",不明,0.5363479852676392,不明,0.5101004242897034,不明,0.4350176453590393
K3F,"Utterance(participant='K3F', tokens=[Token(word='何か嫌だ', pos=None, mor=None, gra=None), Token(word='.', pos=None, mor=None, gra=None)], time_marks=(1382933, 1387052), tiers={'K3F': '何か嫌だ . \x151382933_1387052\x15', '%ort': 'nanka (i)ya da .'})",不明,0.446847140789032,不明,0.41584697365760803,不明,0.40102317929267883
L3F,"Utterance(participant='L3F', tokens=[Token(word='奢らないの', pos=None, mor=None, gra=None), Token(word='?', pos=None, mor=None, gra=None)], time_marks=(1387051, 1391746), tiers={'L3F': '奢らないの ? \x151387051_1391746\x15', '%ort': 'ogoranai no ?'})",不明,0.503741979598999,不明,0.47510766983032227,不明,0.42329105734825134
H3M,"Utterance(participant='H3M', tokens=[Token(word='奢らないの', pos=None, mor=None, gra=None), Token(word='?', pos=None, mor=None, gra=None)], time_marks=(1391745, 1395327), tiers={'H3M': '奢らないの ? \x151391745_1395327\x15', '%ort': 'ogoranai no ?'})",不明,0.5167858600616455,不明,0.4823791980743408,不明,0.39209312200546265
G3M,"Utterance(participant='G3M', tokens=[Token(word='何で俺に聞く', pos=None, mor=None, gra=None), Token(word='?', pos=None, mor=None, gra=None)], time_marks=(1391745, 1395327), tiers={'G3M': '何で俺に聞く ? \x151391745_1395327\x15', '%ort': 'nande ore ni kiku ?'})",プラント,0.5828558802604675,不明,0.5027787089347839,完遂者,0.5775725841522217
H3M,"Utterance(participant='H3M', tokens=[Token(word='ケチな', pos=None, mor=None, gra=None), Token(word='.', pos=None, mor=None, gra=None)], time_marks=(1395326, 1400156), tiers={'H3M': '<ケチな> [/] ケチな . \x151395326_1400156\x15', '%ort': '<kechi na> [/] kechi na .'})",スペシャリスト,0.5742559432983398,不明,0.5218609571456909,不明,0.4305434823036194
G3M,"Utterance(participant='G3M', tokens=[Token(word='ケチじゃないよ', pos=None, mor=None, gra=None), Token(word='.', pos=None, mor=None, gra=None)], time_marks=(1395326, 1400156), tiers={'G3M': 'ケチじゃないよ . \x151395326_1400156\x15', '%ort': 'kechi janee [: janai] yo .'})",不明,0.5150335431098938,不明,0.49013757705688477,不明,0.4084857404232025
K3F,"Utterance(participant='K3F', tokens=[Token(word='ねあれからどう成ったの', pos=None, mor=None, gra=None), Token(word='?', pos=None, mor=None, gra=None)], time_marks=(1395326, 1400156), tiers={'K3F': 'ねあれからどう成ったの ? \x151395326_1400156\x15', '%ort': 'ne: are kara doo natta no ?'})",スペシャリスト,0.5591752529144287,不明,0.4840262532234192,不明,0.45499566197395325
G3M,"Utterance(participant='G3M', tokens=[Token(word='何の話', pos=None, mor=None, gra=None), Token(word='?', pos=None, mor=None, gra=None)], time_marks=(1395326, 1400156), tiers={'G3M': '何の話 ? \x151395326_1400156\x15', '%ort': 'nan no hanashi ?'})",不明,0.5259900689125061,不明,0.5394099354743958,不明,0.4713169038295746
K3F,"Utterance(participant='K3F', tokens=[Token(word='.', pos=None, mor=None, gra=None)], time_marks=(1395326, 1400156), tiers={'K3F': '&=laugh . \x151395326_1400156\x15', '%ort': '&=laugh .'})",スペシャリスト,0.5549935698509216,不明,0.4768957495689392,不明,0.4274822473526001
G3M,"Utterance(participant='G3M', tokens=[Token(word='どれから', pos=None, mor=None, gra=None), Token(word='?', pos=None, mor=None, gra=None)], time_marks=(1400155, 1403730), tiers={'G3M': 'どれから ? \x151400155_1403730\x15', '%ort': 'dore kara ?'})",不明,0.528673529624939,不明,0.502912163734436,不明,0.4616800546646118
G3M,"Utterance(participant='G3M', tokens=[Token(word='先ずそもそも', pos=None, mor=None, gra=None), Token(word='.', pos=None, mor=None, gra=None)], time_marks=(1400155, 1403730), tiers={'G3M': '先ずそもそも . \x151400155_1403730\x15', '%ort': 'mazu somosomo .'})",不明,0.521115243434906,不明,0.520135760307312,不明,0.4635666012763977
K3F,"Utterance(participant='K3F', tokens=[Token(word='うん別れてから', pos=None, mor=None, gra=None), Token(word='.', pos=None, mor=None, gra=None)], time_marks=(1400155, 1403729), tiers={'K3F': 'うん別れてから . \x151400155_1403729\x15', '%ort': 'un wakarete kara .'})",不明,0.5322237014770508,不明,0.5015740394592285,不明,0.4441685676574707
G3M,"Utterance(participant='G3M', tokens=[Token(word='別れてから終わったんじゃない', pos=None, mor=None, gra=None), Token(word='?', pos=None, mor=None, gra=None)], time_marks=(1402853, 1408004), tiers={'G3M': '別れてから終わったんじゃない ? \x151402853_1408004\x15', '%ort': 'wakarete kara owatta n janai ?'})",不明,0.5114114880561829,不明,0.489729642868042,不明,0.43421363830566406
L3F,"Utterance(participant='L3F', tokens=[Token(word='遊んでないの', pos=None, mor=None, gra=None), Token(word='?', pos=None, mor=None, gra=None)], time_marks=(1402853, 1408004), tiers={'L3F': '遊んでないの ? \x151402853_1408004\x15', '%ort': 'asondenai no ?'})",不明,0.5029406547546387,不明,0.4703511595726013,不明,0.4087439179420471
G3M,"Utterance(participant='G3M', tokens=[Token(word='遊んでないよ', pos=None, mor=None, gra=None), Token(word='.', pos=None, mor=None, gra=None)], time_marks=(1402853, 1408004), tiers={'G3M': '遊んでないよ . \x151402853_1408004\x15', '%ort': 'asondenai yo .'})",不明,0.48233795166015625,不明,0.46093636751174927,不明,0.3861299753189087
K3F,"Utterance(participant='K3F', tokens=[Token(word='ふうん', pos=None, mor=None, gra=None), Token(word='.', pos=None, mor=None, gra=None)], time_marks=(1402853, 1408004), tiers={'K3F': 'ふうん@i . \x151402853_1408004\x15', '%ort': 'fuun .'})",スペシャリスト,0.5735864639282227,不明,0.4738365709781647,不明,0.4114368259906769
L3F,"Utterance(participant='L3F', tokens=[Token(word='しくじったね', pos=None, mor=None, gra=None), Token(word='.', pos=None, mor=None, gra=None)], time_marks=(1408003, 1414441), tiers={'L3F': '&=laugh しくじったね . \x151408003_1414441\x15', '%ort': '&=laugh shikujitta ne .'})",不明,0.5200582146644592,不明,0.48830196261405945,不明,0.4290660619735718
K3F,"Utterance(participant='K3F', tokens=[Token(word='.', pos=None, mor=None, gra=None)], time_marks=(1408003, 1414441), tiers={'K3F': '&=laugh . \x151408003_1414441\x15', '%ort': '&=laugh .'})",不明,0.547248899936676,不明,0.4725896120071411,不明,0.4200364351272583
G3M,"Utterance(participant='G3M', tokens=[Token(word='うん何もない', pos=None, mor=None, gra=None), Token(word='.', pos=None, mor=None, gra=None)], time_marks=(1414243, 1422713), tiers={'G3M': '<うん> [/] &+う うん何もない . \x151414243_1422713\x15', '%ort': 'un [/] &+u un nanimo nai .'})",不明,0.4905605912208557,不明,0.4868353009223938,不明,0.4005473852157593
L3F,"Utterance(participant='L3F', tokens=[Token(word='何もないの', pos=None, mor=None, gra=None), Token(word='.', pos=None, mor=None, gra=None)], time_marks=(1414243, 1422713), tiers={'L3F': '何もないの . \x151414243_1422713\x15', '%ort': 'nanimo nai no .'})",不明,0.466648131608963,不明,0.45533478260040283,不明,0.40347427129745483
G3M,"Utterance(participant='G3M', tokens=[Token(word='ね', pos=None, mor=None, gra=None), Token(word='.', pos=None, mor=None, gra=None)], time_marks=(1422712, 1429225), tiers={'G3M': 'ね . \x151422712_1429225\x15', '%ort': 'ne .'})",不明,0.49865850806236267,不明,0.48506003618240356,不明,0.39974331855773926
H3M,"Utterance(participant='H3M', tokens=[Token(word='うん', pos=None, mor=None, gra=None), Token(word='.', pos=None, mor=None, gra=None)], time_marks=(1422712, 1429225), tiers={'H3M': '<うん> [/] うん . \x151422712_1429225\x15', '%ort': 'un [/] un .'})",不明,0.527130126953125,不明,0.5030218362808228,不明,0.3875170350074768
H3M,"Utterance(participant='H3M', tokens=[Token(word='うん', pos=None, mor=None, gra=None), Token(word='?', pos=None, mor=None, gra=None)], time_marks=(1422712, 1429225), tiers={'H3M': 'うん ? \x151422712_1429225\x15', '%ort': 'n ?'})",不明,0.49838966131210327,不明,0.4877839982509613,不明,0.37577036023139954
H3M,"Utterance(participant='H3M', tokens=[Token(word='うん', pos=None, mor=None, gra=None), Token(word='.', pos=None, mor=None, gra=None)], time_marks=(1422712, 1429225), tiers={'H3M': 'うん . \x151422712_1429225\x15', '%ort': 'un .'})",不明,0.5338214039802551,不明,0.5029696822166443,不明,0.39549529552459717
K3F,"Utterance(participant='K3F', tokens=[Token(word='何', pos=None, mor=None, gra=None), Token(word='?', pos=None, mor=None, gra=None)], time_marks=(1422712, 1429225), tiers={'K3F': '何 ? \x151422712_1429225\x15', '%ort': 'nani ?'})",不明,0.5151560306549072,不明,0.49577048420906067,不明,0.4378320574760437
H3M,"Utterance(participant='H3M', tokens=[Token(word='何かないの', pos=None, mor=None, gra=None), Token(word='?', pos=None, mor=None, gra=None)], time_marks=(1429224, 1434563), tiers={'H3M': '<何かないの> [/] 何かないの ? \x151429224_1434563\x15', '%ort': '<nani ga nai no> [/] nani ga nai no ?'})",スペシャリスト,0.5527567863464355,不明,0.5105217099189758,不明,0.44273972511291504
K3F,"Utterance(participant='K3F', tokens=[Token(word='うん', pos=None, mor=None, gra=None), Token(word='.', pos=None, mor=None, gra=None)], time_marks=(1429224, 1434563), tiers={'K3F': 'うん . \x151429224_1434563\x15', '%ort': 'un .'})",不明,0.5322766304016113,不明,0.48419708013534546,不明,0.4190758466720581
L3F,"Utterance(participant='L3F', tokens=[Token(word='一杯有り過ぎて分からない', pos=None, mor=None, gra=None), Token(word='.', pos=None, mor=None, gra=None)], time_marks=(1429224, 1434563), tiers={'L3F': '一杯有り過ぎて分からない . \x151429224_1434563\x15', '%ort': 'ippai arisugite wakaranai .'})",不明,0.544701337814331,不明,0.5154156684875488,不明,0.4773128628730774
H3M,"Utterance(participant='H3M', tokens=[Token(word='何', pos=None, mor=None, gra=None), Token(word=',', pos=None, mor=None, gra=None), Token(word='このギャル', pos=None, mor=None, gra=None), Token(word='?', pos=None, mor=None, gra=None)], time_marks=(1434562, 1440773), tiers={'H3M': '何, このギャル ? \x151434562_1440773\x15', '%ort': 'nani „ kono gyaru ?'})",不明,0.5448673963546753,不明,0.5209968090057373,不明,0.46184784173965454
ALL,"Utterance(participant='ALL', tokens=[Token(word='.', pos=None, mor=None, gra=None)], time_marks=(1434562, 1440773), tiers={'ALL': '&=laugh . \x151434562_1440773\x15', '%ort': '&=laugh .'})",不明,0.5141662359237671,不明,0.477811336517334,不明,0.3952234387397766
L3F,"Utterance(participant='L3F', tokens=[Token(word='ね', pos=None, mor=None, gra=None), Token(word='.', pos=None, mor=None, gra=None)], time_marks=(1434562, 1440773), tiers={'L3F': 'ね . \x151434562_1440773\x15', '%ort': 'ne .'})",不明,0.516800582408905,不明,0.48888862133026123,不明,0.4096413254737854
H3M,"Utterance(participant='H3M', tokens=[Token(word='へー', pos=None, mor=None, gra=None), Token(word='良かったね', pos=None, mor=None, gra=None), Token(word='.', pos=None, mor=None, gra=None)], time_marks=(1440772, 1447447), tiers={'H3M': 'へー@i 良かったね . \x151440772_1447447\x15', '%ort': 'hee yokatta ne .'})",スペシャリスト,0.5657171010971069,不明,0.5092023611068726,不明,0.43306994438171387
L3F,"Utterance(participant='L3F', tokens=[Token(word='うん', pos=None, mor=None, gra=None), Token(word='.', pos=None, mor=None, gra=None)], time_marks=(1440772, 1447446), tiers={'L3F': 'うん . \x151440772_1447446\x15', '%ort': 'un .'})",不明,0.5262839794158936,不明,0.4940650463104248,不明,0.415951132774353
K3F,"Utterance(participant='K3F', tokens=[Token(word='何か無いの', pos=None, mor=None, gra=None), Token(word='?', pos=None, mor=None, gra=None)], time_marks=(1440772, 1447446), tiers={'K3F': '何か無いの ? \x151440772_1447446\x15', '%ort': 'nani ga nai no ?'})",不明,0.48225080966949463,不明,0.4624958634376526,不明,0.4401777386665344
H3M,"Utterance(participant='H3M', tokens=[Token(word='何も無い', pos=None, mor=None, gra=None), Token(word='.', pos=None, mor=None, gra=None)], time_marks=(1440772, 1447446), tiers={'H3M': '何も無い . \x151440772_1447446\x15', '%ort': 'nanimo nai .'})",不明,0.4670838415622711,不明,0.4606018364429474,不明,0.3855675458908081
K3F,"Utterance(participant='K3F', tokens=[Token(word='良いよ', pos=None, mor=None, gra=None), Token(word='.', pos=None, mor=None, gra=None)], time_marks=(1447445, 1454784), tiers={'K3F': '良いよ . \x151447445_1454784\x15', '%ort': '&=laugh ii ya [: yo] .'})",不明,0.5387329459190369,不明,0.48969507217407227,不明,0.42758864164352417
K3F,"Utterance(participant='K3F', tokens=[Token(word='まあ良い', pos=None, mor=None, gra=None), Token(word='.', pos=None, mor=None, gra=None)], time_marks=(1447445, 1454784), tiers={'K3F': 'まあ良い . \x151447445_1454784\x15', '%ort': 'maa ii .'})",不明,0.5392841100692749,不明,0.496499240398407,不明,0.39834165573120117
L3F,"Utterance(participant='L3F', tokens=[Token(word='ふうん', pos=None, mor=None, gra=None), Token(word='.', pos=None, mor=None, gra=None)], time_marks=(1447445, 1454784), tiers={'L3F': 'ふうん@i . \x151447445_1454784\x15', '%ort': 'fuun .'})",スペシャリスト,0.5565228462219238,不明,0.47542664408683777,不明,0.39662817120552063
H3M,"Utterance(participant='H3M', tokens=[Token(word='あれっ', pos=None, mor=None, gra=None), Token(word='?', pos=None, mor=None, gra=None)], time_marks=(1454783, 1458252), tiers={'H3M': 'あれっ@i ? \x151454783_1458252\x15', '%ort': 'areq ?'})",不明,0.5449756979942322,不明,0.5014139413833618,不明,0.4267613887786865
K3F,"Utterance(participant='K3F', tokens=[Token(word='うん', pos=None, mor=None, gra=None), Token(word='?', pos=None, mor=None, gra=None)], time_marks=(1454783, 1458252), tiers={'K3F': 'うん ? \x151454783_1458252\x15', '%ort': 'n ?'})",不明,0.5040030479431152,不明,0.47939419746398926,不明,0.3897976875305176
K3F,"Utterance(participant='K3F', tokens=[Token(word='何も無いよ', pos=None, mor=None, gra=None), Token(word='.', pos=None, mor=None, gra=None)], time_marks=(1458251, 1461686), tiers={'K3F': '&=laugh 何も無いよ . \x151458251_1461686\x15', '%ort': '&=laugh nanimo nai yo .'})",不明,0.4563596248626709,不明,0.4502602815628052,不明,0.4194207787513733
H3M,"Utterance(participant='H3M', tokens=[Token(word='うん', pos=None, mor=None, gra=None), Token(word='?', pos=None, mor=None, gra=None)], time_marks=(1458251, 1461686), tiers={'H3M': 'うん ? \x151458251_1461686\x15', '%ort': 'n ?'})",不明,0.5184031128883362,不明,0.49185624718666077,不明,0.3855758607387543
H3M,"Utterance(participant='H3M', tokens=[Token(word='うん', pos=None, mor=None, gra=None), Token(word='?', pos=None, mor=None, gra=None)], time_marks=(1461686, 1468463), tiers={'H3M': '<うんうん> [/] うん ? \x151461686_1468463\x15', '%ort': '<un un> [/] un ?'})",不明,0.5247416496276855,不明,0.4876408874988556,不明,0.38488709926605225
K3F,"Utterance(participant='K3F', tokens=[Token(word='何', pos=None, mor=None, gra=None), Token(word='?', pos=None, mor=None, gra=None)], time_marks=(1461686, 1468463), tiers={'K3F': '何 ? \x151461686_1468463\x15', '%ort': 'nani ?'})",不明,0.5197278261184692,不明,0.48759889602661133,不明,0.44826504588127136
G3M,"Utterance(participant='G3M', tokens=[Token(word='何', pos=None, mor=None, gra=None), Token(word='?', pos=None, mor=None, gra=None)], time_marks=(1461686, 1468463), tiers={'G3M': '何 ? \x151461686_1468463\x15', '%ort': 'nani ?'})",不明,0.4950731098651886,不明,0.47954678535461426,不明,0.4247240424156189
G3M,"Utterance(participant='G3M', tokens=[Token(word='何かあるの', pos=None, mor=None, gra=None), Token(word='?', pos=None, mor=None, gra=None)], time_marks=(1468462, 1472620), tiers={'G3M': '何かあるの ? \x151468462_1472620\x15', '%ort': 'nanka aru no ?'})",不明,0.5207774639129639,不明,0.499822199344635,不明,0.4395701587200165
H3M,"Utterance(participant='H3M', tokens=[Token(word='あれっ', pos=None, mor=None, gra=None), Token(word='?', pos=None, mor=None, gra=None)], time_marks=(1472619, 1474473), tiers={'H3M': 'あれっ@i ? \x151472619_1474473\x15', '%ort': 'areq ?'})",不明,0.547281801700592,不明,0.5044106245040894,不明,0.42916205525398254
H3M,"Utterance(participant='H3M', tokens=[Token(word='まあ良いよ', pos=None, mor=None, gra=None), Token(word='.', pos=None, mor=None, gra=None)], time_marks=(1472619, 1474473), tiers={'H3M': 'まあ良いよ . \x151472619_1474473\x15', '%ort': 'maa ii ya [: yo] .'})",不明,0.5445659160614014,不明,0.5064828395843506,不明,0.39317482709884644
G3M,"Utterance(participant='G3M', tokens=[Token(word='何', pos=None, mor=None, gra=None), Token(word='?', pos=None, mor=None, gra=None)], time_marks=(1472619, 1474473), tiers={'G3M': '<何何> [/] 何 ? \x151472619_1474473\x15', '%ort': '<nani nani> [/] nani ?'})",不明,0.49897730350494385,不明,0.4926906228065491,不明,0.42434465885162354
H3M,"Utterance(participant='H3M', tokens=[Token(word='いやあ', pos=None, mor=None, gra=None), Token(word='良い', pos=None, mor=None, gra=None), Token(word='.', pos=None, mor=None, gra=None)], time_marks=(1474472, 1479244), tiers={'H3M': 'いやあ@i <良い良い> [/] 良い . \x151474472_1479244\x15', '%ort': 'iyaa <ii ii> [/] ii .'})",不明,0.5378636121749878,不明,0.5047840476036072,不明,0.4479655623435974
L3F,"Utterance(participant='L3F', tokens=[Token(word='そう言うのが詰まらないんだよね', pos=None, mor=None, gra=None), Token(word='.', pos=None, mor=None, gra=None)], time_marks=(1474472, 1479244), tiers={'L3F': 'そう言うのが詰まらないんだよね . \x151474472_1479244\x15', '%ort': 'sooiu no ga tsumannai n da yo ne .'})",不明,0.5267577171325684,不明,0.4845775365829468,不明,0.42958205938339233
K3F,"Utterance(participant='K3F', tokens=[Token(word='うん', pos=None, mor=None, gra=None), Token(word='.', pos=None, mor=None, gra=None)], time_marks=(1474472, 1479244), tiers={'K3F': 'うん . \x151474472_1479244\x15', '%ort': 'un .'})",不明,0.5291916728019714,不明,0.48775896430015564,不明,0.4099457263946533
H3M,"Utterance(participant='H3M', tokens=[Token(word='いやあ', pos=None, mor=None, gra=None), Token(word='今一人で凄く考えてるの', pos=None, mor=None, gra=None), Token(word='.', pos=None, mor=None, gra=None)], time_marks=(1479243, 1482112), tiers={'H3M': 'いやあ@i 今一人で凄く考えてるの . \x151479243_1482112\x15', '%ort': 'iyaa ima hitori de sugoku kangaeteru no .'})",スペシャリスト,0.5761257410049438,不明,0.47576096653938293,不明,0.43126946687698364
G3M,"Utterance(participant='G3M', tokens=[Token(word='だから何を', pos=None, mor=None, gra=None), Token(word='?', pos=None, mor=None, gra=None)], time_marks=(1479243, 1482112), tiers={'G3M': 'だから何を ? \x151479243_1482112\x15', '%ort': 'dakara nani o ?'})",不明,0.5121480226516724,不明,0.4728902578353882,不明,0.4123793840408325
H3M,"Utterance(participant='H3M', tokens=[Token(word='いやあ', pos=None, mor=None, gra=None), Token(word='良いわ', pos=None, mor=None, gra=None), Token(word='.', pos=None, mor=None, gra=None)], time_marks=(1482111, 1487348), tiers={'H3M': 'いやあ@i 良いわ . \x151482111_1487348\x15', '%ort': 'iyaa ii wa .'})",不明,0.5472935438156128,不明,0.5162678956985474,不明,0.44518184661865234
G3M,"Utterance(participant='G3M', tokens=[Token(word='何が良いの', pos=None, mor=None, gra=None), Token(word='?', pos=None, mor=None, gra=None)], time_marks=(1482111, 1487348), tiers={'G3M': '何が良いの ? \x151482111_1487348\x15', '%ort': 'nani ga ii no ?'})",不明,0.5189862847328186,不明,0.47258782386779785,不明,0.4126725196838379
K3F,"Utterance(participant='K3F', tokens=[Token(word='何', pos=None, mor=None, gra=None), Token(word='?', pos=None, mor=None, gra=None)], time_marks=(1482111, 1487348), tiers={'K3F': '何 ? \x151482111_1487348\x15', '%ort': 'na:ni: ?'})",不明,0.518224835395813,不明,0.49957752227783203,不明,0.43939292430877686
K3F,"Utterance(participant='K3F', tokens=[Token(word='分からないじゃん', pos=None, mor=None, gra=None), Token(word=',', pos=None, mor=None, gra=None), Token(word='一人で喋ってたら', pos=None, mor=None, gra=None), Token(word='.', pos=None, mor=None, gra=None)], time_marks=(1482111, 1487348), tiers={'K3F': '分からないじゃん, 一人で喋ってたら . \x151482111_1487348\x15', '%ort': 'wakannai [: wakaranai] jan „ hitori de shabettetara .'})",プラント,0.5808957815170288,リソース探究者,0.5661331415176392,不明,0.5015559196472168
H3M,"Utterance(participant='H3M', tokens=[Token(word='いやあ', pos=None, mor=None, gra=None), Token(word='良い', pos=None, mor=None, gra=None), Token(word='.', pos=None, mor=None, gra=None)], time_marks=(1487347, 1490909), tiers={'H3M': 'いやあ@i 良い . \x151487347_1490909\x15', '%ort': 'iyaa ii .'})",不明,0.5388977527618408,不明,0.5035867691040039,不明,0.4427412748336792
H3M,"Utterance(participant='H3M', tokens=[Token(word='解決した', pos=None, mor=None, gra=None), Token(word='.', pos=None, mor=None, gra=None)], time_marks=(1487347, 1490909), tiers={'H3M': '解決した . \x151487347_1490909\x15', '%ort': 'kaiketsu shita .'})",スペシャリスト,0.5627161264419556,不明,0.5296941995620728,不明,0.506086528301239
K3F,"Utterance(participant='K3F', tokens=[Token(word='何', pos=None, mor=None, gra=None), Token(word='?', pos=None, mor=None, gra=None)], time_marks=(1487347, 1490909), tiers={'K3F': '何 ? \x151487347_1490909\x15', '%ort': 'nani: ?'})",不明,0.5258132219314575,不明,0.49585890769958496,不明,0.44414567947387695
K3F,"Utterance(participant='K3F', tokens=[Token(word='良くないよ', pos=None, mor=None, gra=None), Token(word='.', pos=None, mor=None, gra=None)], time_marks=(1487347, 1490909), tiers={'K3F': '良くないよ . \x151487347_1490909\x15', '%ort': 'yoku nai yo .'})",不明,0.5008190870285034,不明,0.462619811296463,不明,0.402371346950531
H3M,"Utterance(participant='H3M', tokens=[Token(word='もうね眠い', pos=None, mor=None, gra=None), Token(word='.', pos=None, mor=None, gra=None)], time_marks=(1490844, 1500767), tiers={'H3M': 'もうね眠い . \x151490844_1500767\x15', '%ort': 'moo ne: nemui .'})",不明,0.480668842792511,不明,0.43246588110923767,不明,0.3986881375312805
G3M,"Utterance(participant='G3M', tokens=[Token(word='.', pos=None, mor=None, gra=None)], time_marks=(1490844, 1500767), tiers={'G3M': '&=laugh . \x151490844_1500767\x15', '%ort': '&=laugh .'})",不明,0.5095483064651489,不明,0.4585491418838501,不明,0.380016028881073
L3F,"Utterance(participant='L3F', tokens=[Token(word='知らないよ', pos=None, mor=None, gra=None), Token(word='.', pos=None, mor=None, gra=None)], time_marks=(1500766, 1502289), tiers={'L3F': '知らないよ . \x151500766_1502289\x15', '%ort': 'shiranai yo: .'})",不明,0.4848445653915405,不明,0.4827162027359009,不明,0.42354413866996765
H3M,"Utterance(participant='H3M', tokens=[Token(word='これから実習だよ', pos=None, mor=None, gra=None), Token(word=',', pos=None, mor=None, gra=None), Token(word='もう', pos=None, mor=None, gra=None), Token(word='.', pos=None, mor=None, gra=None)], time_marks=(1502288, 1507937), tiers={'H3M': 'これから実習だよ, もう . \x151502288_1507937\x15', '%ort': 'korekara jisshuu da yo „ moo .'})",不明,0.5458130836486816,不明,0.5251365303993225,不明,0.506710410118103
G3M,"Utterance(participant='G3M', tokens=[Token(word='もう疲れたね', pos=None, mor=None, gra=None), Token(word='.', pos=None, mor=None, gra=None)], time_marks=(1502288, 1507937), tiers={'G3M': 'もう疲れたね . \x151502288_1507937\x15', '%ort': 'moo tsukareta ne .'})",不明,0.5019813776016235,不明,0.48120802640914917,不明,0.42762336134910583
L3F,"Utterance(participant='L3F', tokens=[Token(word='えっクリニック', pos=None, mor=None, gra=None), Token(word='?', pos=None, mor=None, gra=None)], time_marks=(1502288, 1507937), tiers={'L3F': 'えっクリニック ? \x151502288_1507937\x15', '%ort': 'eq kurinikku ?'})",不明,0.5441142320632935,不明,0.5065585970878601,不明,0.44150692224502563
K3F,"Utterance(participant='K3F', tokens=[Token(word='あっクリニック', pos=None, mor=None, gra=None), Token(word='?', pos=None, mor=None, gra=None)], time_marks=(1502288, 1507937), tiers={'K3F': 'あっクリニック ? \x151502288_1507937\x15', '%ort': 'a: kurinikku ?'})",スペシャリスト,0.5621684789657593,不明,0.5218356847763062,不明,0.4689810872077942
H3M,"Utterance(participant='H3M', tokens=[Token(word='眠っ', pos=None, mor=None, gra=None), Token(word='.', pos=None, mor=None, gra=None)], time_marks=(1506970, 1509502), tiers={'H3M': '眠っ . \x151506970_1509502\x15', '%ort': 'nem:uq .'})",不明,0.5343906283378601,不明,0.4903431534767151,不明,0.4382533133029938
G3M,"Utterance(participant='G3M', tokens=[Token(word='何かねだってこれ五十分超えてるよ', pos=None, mor=None, gra=None), Token(word='.', pos=None, mor=None, gra=None)], time_marks=(1509500, 1516938), tiers={'G3M': '何かねだってこれ五十分超えてるよ . \x151509500_1516938\x15', '%ort': 'nanka ne datte kore gojuppun koeteru yo .'})",不明,0.536214292049408,不明,0.4986555576324463,不明,0.4709077477455139
G3M,"Utterance(participant='G3M', tokens=[Token(word='二十五分行って五十分も喋ってるよ', pos=None, mor=None, gra=None), Token(word='.', pos=None, mor=None, gra=None)], time_marks=(1509500, 1516938), tiers={'G3M': '<二十五分> [/] 二十五分行って五十分も喋ってるよ . \x151509500_1516938\x15', '%ort': '<nijuu gofun> [/] nijuu gofun itte gojuppun mo shabetteru yo .'})",不明,0.48528555035591125,不明,0.5194374322891235,不明,0.46497586369514465
H3M,"Utterance(participant='H3M', tokens=[Token(word='ね', pos=None, mor=None, gra=None), Token(word='超タバコ吸いに行きたかったのに', pos=None, mor=None, gra=None), Token(word='.', pos=None, mor=None, gra=None)], time_marks=(1509500, 1516938), tiers={'H3M': 'ね 超タバコ吸いに行きたかったのに . \x151509500_1516938\x15', '%ort': 'ne: choo tabako sui ni ikitakatta noni .'})",スペシャリスト,0.5583052635192871,不明,0.5288859605789185,不明,0.4553057849407196
L3F,"Utterance(participant='L3F', tokens=[Token(word='Y', pos=None, mor=None, gra=None), Token(word='も実習だよ', pos=None, mor=None, gra=None), Token(word='.', pos=None, mor=None, gra=None)], time_marks=(1516405, 1529854), tiers={'L3F': 'Y [= 学生の名前] も実習だよ . \x151516405_1529854\x15', '%ort': 'Y mo jisshuu da yo .'})",スペシャリスト,0.5639157891273499,不明,0.5260093212127686,不明,0.4960135221481323
L3F,"Utterance(participant='L3F', tokens=[Token(word='ね', pos=None, mor=None, gra=None), Token(word='.', pos=None, mor=None, gra=None)], time_marks=(1516405, 1529854), tiers={'L3F': 'ね . \x151516405_1529854\x15', '%ort': 'ne: .'})",不明,0.5197944641113281,不明,0.5014404654502869,不明,0.41830557584762573
G3M,"Utterance(participant='G3M', tokens=[Token(word='うん今日も喋ってるだけなんでしょう', pos=None, mor=None, gra=None), Token(word=',', pos=None, mor=None, gra=None), Token(word='授業', pos=None, mor=None, gra=None), Token(word='?', pos=None, mor=None, gra=None)], time_marks=(1516405, 1529854), tiers={'G3M': 'うん今日も喋ってるだけなんでしょう, 授業 ? \x151516405_1529854\x15', '%ort': 'un kyoo mo shabetteru dake na n deshoo „ jugyoo ?'})",プラント,0.6002103686332703,リソース探究者,0.5689796209335327,不明,0.5289347171783447
L3F,"Utterance(participant='L3F', tokens=[Token(word='また', pos=None, mor=None, gra=None), Token(word='?', pos=None, mor=None, gra=None)], time_marks=(1516405, 1529854), tiers={'L3F': 'また ? \x151516405_1529854\x15', '%ort': 'mata ?'})",不明,0.514757513999939,不明,0.5016128420829773,不明,0.43696466088294983
G3M,"Utterance(participant='G3M', tokens=[Token(word='言ってた', pos=None, mor=None, gra=None), Token(word='.', pos=None, mor=None, gra=None)], time_marks=(1516405, 1529854), tiers={'G3M': '言ってた . \x151516405_1529854\x15', '%ort': 'yutteta .'})",不明,0.517420768737793,不明,0.51683509349823,不明,0.4544029235839844
L3F,"Utterance(participant='L3F', tokens=[Token(word='授業', pos=None, mor=None, gra=None), Token(word='?', pos=None, mor=None, gra=None)], time_marks=(1529853, 1535667), tiers={'L3F': '授業 ? \x151529853_1535667\x15', '%ort': 'jugyoo ?'})",スペシャリスト,0.5701950788497925,不明,0.538282036781311,不明,0.44363775849342346
G3M,"Utterance(participant='G3M', tokens=[Token(word='授業', pos=None, mor=None, gra=None), Token(word='座って本読んでどうのこうの', pos=None, mor=None, gra=None), Token(word='.', pos=None, mor=None, gra=None)], time_marks=(1529853, 1535667), tiers={'G3M': '授業 &=laugh 座って本読んでどうのこうの . \x151529853_1535667\x15', '%ort': 'jugyoo &=laugh suwatte hon yonde doonokoono .'})",スペシャリスト,0.5583255290985107,不明,0.5406001806259155,不明,0.4736241400241852
